"","LMA_gDW_m2.9.comps"
"(Intercept)",55.2044006155974
"Wave_500",13.7578027334447
"Wave_501",13.2275609810163
"Wave_502",12.5154931171522
"Wave_503",12.4620563800939
"Wave_504",12.2169191081286
"Wave_505",11.8754265050972
"Wave_506",11.7298440037849
"Wave_507",11.7416000655681
"Wave_508",11.5852269007833
"Wave_509",11.4429071697595
"Wave_510",11.3879485409525
"Wave_511",11.3354664274428
"Wave_512",11.1392982377294
"Wave_513",10.9151942544566
"Wave_514",10.6590796242547
"Wave_515",10.4393523966496
"Wave_516",10.2832001445195
"Wave_517",10.0278287799176
"Wave_518",9.54650065968985
"Wave_519",8.82024346459824
"Wave_520",8.28425639387479
"Wave_521",7.87624707621175
"Wave_522",7.3514088426776
"Wave_523",6.55639217009567
"Wave_524",5.88275406545934
"Wave_525",4.92244755954135
"Wave_526",3.99342202416038
"Wave_527",3.22432956986424
"Wave_528",2.04816922949877
"Wave_529",1.16963623296059
"Wave_530",0.754188991743906
"Wave_531",0.294386544238849
"Wave_532",-0.220827284005406
"Wave_533",-0.78198219288067
"Wave_534",-1.37527871366532
"Wave_535",-1.6497432385501
"Wave_536",-1.83882746859063
"Wave_537",-2.04495921743108
"Wave_538",-2.21705957152592
"Wave_539",-2.42167817564846
"Wave_540",-2.59049661208552
"Wave_541",-2.70040685647438
"Wave_542",-2.77758629363179
"Wave_543",-2.91240742929124
"Wave_544",-2.96054992858339
"Wave_545",-3.07404689990311
"Wave_546",-3.37162695921242
"Wave_547",-3.72381023271492
"Wave_548",-3.95082200077876
"Wave_549",-4.2080385515987
"Wave_550",-4.60786943454717
"Wave_551",-5.01004956120892
"Wave_552",-5.44415185116054
"Wave_553",-5.76539428865208
"Wave_554",-6.06728768700895
"Wave_555",-6.25105206011205
"Wave_556",-6.38732803661359
"Wave_557",-6.59259580951784
"Wave_558",-6.74994579247919
"Wave_559",-6.99262568741769
"Wave_560",-7.14175822219359
"Wave_561",-7.2639160142558
"Wave_562",-7.32634360557795
"Wave_563",-7.39729380867356
"Wave_564",-7.32700792319277
"Wave_565",-7.13651479980149
"Wave_566",-7.12815569802709
"Wave_567",-7.23374420303031
"Wave_568",-7.08047288317287
"Wave_569",-6.69485131458953
"Wave_570",-6.57483028275756
"Wave_571",-6.06245247608504
"Wave_572",-5.4627867456915
"Wave_573",-4.9528402130871
"Wave_574",-4.72096990042121
"Wave_575",-4.35134527113378
"Wave_576",-3.80407694116005
"Wave_577",-3.36998873981416
"Wave_578",-3.17949637316585
"Wave_579",-2.78880037201544
"Wave_580",-2.3175051073005
"Wave_581",-2.01389601935316
"Wave_582",-1.71790073496528
"Wave_583",-1.45961480478083
"Wave_584",-1.09815659195923
"Wave_585",-0.80981956027761
"Wave_586",-0.606022324028189
"Wave_587",-0.329800523575645
"Wave_588",-0.00768513748478195
"Wave_589",0.175634129305763
"Wave_590",0.387014661832961
"Wave_591",0.5973440721446
"Wave_592",0.855548557975383
"Wave_593",1.068316980533
"Wave_594",1.18876520606021
"Wave_595",1.39143571318935
"Wave_596",1.551090815353
"Wave_597",1.64771726292176
"Wave_598",1.72871034096666
"Wave_599",1.65244146037568
"Wave_600",1.68475385652957
"Wave_601",1.78558920596729
"Wave_602",1.85814591400333
"Wave_603",1.77722127480723
"Wave_604",1.67779230158003
"Wave_605",1.65718954899946
"Wave_606",1.63939784725451
"Wave_607",1.58209807874617
"Wave_608",1.56493957678308
"Wave_609",1.51375119373464
"Wave_610",1.38250939152617
"Wave_611",1.27986162498093
"Wave_612",1.22931427252778
"Wave_613",1.21121984630099
"Wave_614",1.20096081273113
"Wave_615",1.14183034696787
"Wave_616",1.1780945950216
"Wave_617",1.23432307826644
"Wave_618",1.32993659216644
"Wave_619",1.46897696572934
"Wave_620",1.54539337340954
"Wave_621",1.60818338723448
"Wave_622",1.82719831206179
"Wave_623",1.92896866143869
"Wave_624",1.99158394394239
"Wave_625",2.12493619487418
"Wave_626",2.22264530399947
"Wave_627",2.29260084863365
"Wave_628",2.26542047787907
"Wave_629",2.2185474000916
"Wave_630",2.13375726982291
"Wave_631",1.98450309632707
"Wave_632",1.96703548562545
"Wave_633",2.0924161752813
"Wave_634",2.2291332852901
"Wave_635",2.41746253926596
"Wave_636",2.64490415088909
"Wave_637",2.91904920097364
"Wave_638",3.33942920392322
"Wave_639",3.83996439407895
"Wave_640",4.38536860294427
"Wave_641",4.99487787318533
"Wave_642",5.5516364638531
"Wave_643",6.01105182880439
"Wave_644",6.55614484373529
"Wave_645",7.15485877403767
"Wave_646",7.65145370101027
"Wave_647",8.077783319907
"Wave_648",8.60060971892501
"Wave_649",8.81734053104471
"Wave_650",8.88930899480783
"Wave_651",8.7815047315133
"Wave_652",8.58998206832368
"Wave_653",8.36119368518098
"Wave_654",7.97724865873201
"Wave_655",7.49092424057198
"Wave_656",7.01762487923497
"Wave_657",6.57885512998392
"Wave_658",6.1233136609737
"Wave_659",5.66649501144105
"Wave_660",5.39849965093365
"Wave_661",5.09957586885163
"Wave_662",4.79255119194274
"Wave_663",4.63040000295199
"Wave_664",4.59202591769064
"Wave_665",4.59256401477639
"Wave_666",4.59790137404611
"Wave_667",4.61226397541746
"Wave_668",4.61834377336372
"Wave_669",4.65137724946182
"Wave_670",4.75053027112388
"Wave_671",4.72376269179303
"Wave_672",4.71988018511764
"Wave_673",4.73272051922974
"Wave_674",4.63210332154485
"Wave_675",4.53205380604423
"Wave_676",4.39930526560064
"Wave_677",4.18735352904161
"Wave_678",4.07546159448571
"Wave_679",3.88438045741828
"Wave_680",3.74689558854737
"Wave_681",3.60781767854914
"Wave_682",3.2840626810006
"Wave_683",3.07004515302054
"Wave_684",2.98989726028546
"Wave_685",2.90004923217379
"Wave_686",2.60139102964635
"Wave_687",2.6157667957863
"Wave_688",2.56616324616189
"Wave_689",2.26381252022681
"Wave_690",2.2529505072214
"Wave_691",2.61238732700816
"Wave_692",2.46227857892782
"Wave_693",2.19089720030337
"Wave_694",2.5006212490052
"Wave_695",1.90406508868908
"Wave_696",1.43349410824878
"Wave_697",1.21550993046535
"Wave_698",0.995112091386184
"Wave_699",-0.0524411653840642
"Wave_700",-0.52302169308575
"Wave_701",-0.355428047014952
"Wave_702",-1.26416424177173
"Wave_703",-1.98980779763482
"Wave_704",-1.60089079405668
"Wave_705",-0.324946646765931
"Wave_706",-0.78773773313788
"Wave_707",-0.852256142867183
"Wave_708",0.0661421762513845
"Wave_709",1.8854869504927
"Wave_710",1.71337576276729
"Wave_711",1.76641150532901
"Wave_712",2.41014834921456
"Wave_713",3.61384698342619
"Wave_714",3.62043571556928
"Wave_715",4.02669126310314
"Wave_716",3.99528510230932
"Wave_717",4.43737846643844
"Wave_718",4.56299136392259
"Wave_719",3.83163599103874
"Wave_720",3.58444096791639
"Wave_721",3.51625377771597
"Wave_722",3.64368017753754
"Wave_723",2.76857575804768
"Wave_724",2.04313701703327
"Wave_725",0.957612102849366
"Wave_726",-0.007031874284813
"Wave_727",0.248659009704861
"Wave_728",-0.0842510670140406
"Wave_729",-1.16140776119244
"Wave_730",-1.16989440742009
"Wave_731",-2.06997347600445
"Wave_732",-2.70835929940364
"Wave_733",-3.2625923245417
"Wave_734",-3.52470265608244
"Wave_735",-4.14845699377249
"Wave_736",-4.36387192273486
"Wave_737",-4.94319440476341
"Wave_738",-4.9422367905738
"Wave_739",-4.98476655809938
"Wave_740",-4.87607126013284
"Wave_741",-5.14636381772324
"Wave_742",-4.7790206205075
"Wave_743",-5.49396365125563
"Wave_744",-5.54046832341436
"Wave_745",-4.99561578152446
"Wave_746",-5.09613189800006
"Wave_747",-4.90147641616508
"Wave_748",-4.96313466106849
"Wave_749",-4.82101124025935
"Wave_750",-5.12326057290372
"Wave_751",-4.73499053491609
"Wave_752",-4.78573872537554
"Wave_753",-5.1217846893613
"Wave_754",-5.66835127495228
"Wave_755",-5.70202860948358
"Wave_756",-5.60599526353445
"Wave_757",-5.51375830316908
"Wave_758",-5.64867023793834
"Wave_759",-5.46697640385119
"Wave_760",-5.29763640809696
"Wave_761",-5.52607176387102
"Wave_762",-5.43727111743524
"Wave_763",-5.07464084537699
"Wave_764",-5.31455553414373
"Wave_765",-5.35526840811079
"Wave_766",-5.45256119873479
"Wave_767",-5.64362858726014
"Wave_768",-5.38051583504207
"Wave_769",-5.48566041744252
"Wave_770",-5.69530585910134
"Wave_771",-5.91805355173875
"Wave_772",-5.91477450407311
"Wave_773",-5.61636470878316
"Wave_774",-5.51307323861066
"Wave_775",-5.3759779008298
"Wave_776",-5.82920097218739
"Wave_777",-5.2053549627556
"Wave_778",-4.63211305337952
"Wave_779",-4.96801769191859
"Wave_780",-5.40182947926348
"Wave_781",-5.41260880238631
"Wave_782",-5.64774653228109
"Wave_783",-5.96291208486408
"Wave_784",-5.88918461574617
"Wave_785",-5.33865131245918
"Wave_786",-5.18974507164439
"Wave_787",-5.35620953295464
"Wave_788",-5.51211174507612
"Wave_789",-5.69204339591112
"Wave_790",-5.76529698018478
"Wave_791",-5.30591601598
"Wave_792",-5.12106072017011
"Wave_793",-5.30084823521246
"Wave_794",-5.5793683312364
"Wave_795",-5.5525799153197
"Wave_796",-5.64376021312917
"Wave_797",-5.60782644713794
"Wave_798",-5.43984023568747
"Wave_799",-5.06860484956581
"Wave_800",-5.52925638108924
"Wave_801",-5.55520873807693
"Wave_802",-5.44283547072093
"Wave_803",-5.76490160724245
"Wave_804",-5.57455974726736
"Wave_805",-5.55670520439472
"Wave_806",-5.67394317744001
"Wave_807",-5.38544223817553
"Wave_808",-5.09536830242369
"Wave_809",-5.47530832398905
"Wave_810",-5.23323962646219
"Wave_811",-4.73922453159162
"Wave_812",-4.6738963742228
"Wave_813",-4.34116384401335
"Wave_814",-4.65568239706098
"Wave_815",-4.97699929474922
"Wave_816",-4.63015017285349
"Wave_817",-4.66098293753735
"Wave_818",-4.63086936075797
"Wave_819",-4.25816740627693
"Wave_820",-4.18985730153951
"Wave_821",-4.03647521519516
"Wave_822",-4.09035765650431
"Wave_823",-3.77141699755589
"Wave_824",-3.46139607747601
"Wave_825",-3.84215751024533
"Wave_826",-3.92615790166309
"Wave_827",-3.88146233536806
"Wave_828",-4.25695559323304
"Wave_829",-3.768162523395
"Wave_830",-3.22692383832098
"Wave_831",-3.17508652983485
"Wave_832",-3.15743956190419
"Wave_833",-3.06016792038494
"Wave_834",-3.3399664997936
"Wave_835",-3.2417271135511
"Wave_836",-3.14248025591211
"Wave_837",-3.0048504918964
"Wave_838",-3.01308599535219
"Wave_839",-2.92111564589939
"Wave_840",-2.81872057985883
"Wave_841",-2.63148604315564
"Wave_842",-2.2180103908504
"Wave_843",-2.41421683732705
"Wave_844",-2.29478708378218
"Wave_845",-1.75944249562691
"Wave_846",-1.62127648378808
"Wave_847",-1.7707357100453
"Wave_848",-1.82604509307625
"Wave_849",-1.5968543958122
"Wave_850",-1.88939642415672
"Wave_851",-1.65053199450409
"Wave_852",-1.25911261868847
"Wave_853",-0.773823305640134
"Wave_854",-1.16347976753011
"Wave_855",-1.49170501226154
"Wave_856",-0.896120875393996
"Wave_857",-0.18131438430041
"Wave_858",-0.138329340831249
"Wave_859",-0.133618478554787
"Wave_860",0.323134306126591
"Wave_861",0.099102061271467
"Wave_862",-0.289830332505079
"Wave_863",-0.201120220705082
"Wave_864",-0.152218820466866
"Wave_865",-0.153775390264241
"Wave_866",0.234846162332575
"Wave_867",-0.102636736597334
"Wave_868",-0.108721732413411
"Wave_869",0.34287151130534
"Wave_870",0.157139312525529
"Wave_871",0.122565827066571
"Wave_872",0.308081190627271
"Wave_873",0.148750026692719
"Wave_874",0.638272850242389
"Wave_875",1.0945482556007
"Wave_876",1.3804752052198
"Wave_877",0.89899604360893
"Wave_878",1.3133257627503
"Wave_879",1.56957683510975
"Wave_880",1.33714319787254
"Wave_881",1.40452238174434
"Wave_882",1.537365448056
"Wave_883",1.60746306340018
"Wave_884",1.33394907636606
"Wave_885",1.36797375327038
"Wave_886",1.70981069732333
"Wave_887",1.43221483352659
"Wave_888",1.3943894353355
"Wave_889",1.44890947946881
"Wave_890",1.47712162178493
"Wave_891",1.56360567750095
"Wave_892",1.66796229959877
"Wave_893",1.36669259882514
"Wave_894",2.15949538079114
"Wave_895",1.98577957173488
"Wave_896",1.73951991469301
"Wave_897",1.54539542293135
"Wave_898",2.06578834169777
"Wave_899",2.27902336953357
"Wave_900",1.54066841001425
"Wave_901",1.37964287769186
"Wave_902",1.09216783390123
"Wave_903",0.997706138313175
"Wave_904",1.02619414205245
"Wave_905",1.1674639145357
"Wave_906",1.25103025269758
"Wave_907",1.46138785291385
"Wave_908",1.31242463290562
"Wave_909",1.03378045590012
"Wave_910",0.828757132998449
"Wave_911",0.910297749522941
"Wave_912",1.33426707506623
"Wave_913",1.63607362164227
"Wave_914",1.90758544230306
"Wave_915",1.34546531774714
"Wave_916",1.35300025557531
"Wave_917",1.68344408337772
"Wave_918",1.83359519688035
"Wave_919",1.84354499739898
"Wave_920",1.85565326518567
"Wave_921",1.7870513828092
"Wave_922",1.67186951968138
"Wave_923",1.75292358845123
"Wave_924",1.73956763979194
"Wave_925",1.86790374771118
"Wave_926",2.01231325614815
"Wave_927",2.14443202737035
"Wave_928",2.5857229837564
"Wave_929",2.46393258280497
"Wave_930",2.20574076990641
"Wave_931",2.12663636105723
"Wave_932",2.73632408393783
"Wave_933",3.26510230590395
"Wave_934",3.20135819560037
"Wave_935",2.86435292569797
"Wave_936",2.86684071515887
"Wave_937",3.06099098366532
"Wave_938",3.26050036306803
"Wave_939",3.53449298796288
"Wave_940",3.3449493851198
"Wave_941",3.15697111391294
"Wave_942",3.38125244933889
"Wave_943",3.26972785639831
"Wave_944",3.16905512572534
"Wave_945",2.90963907948711
"Wave_946",3.17496491893014
"Wave_947",3.34055914012945
"Wave_948",3.35078420418844
"Wave_949",2.96998824168812
"Wave_950",2.78256765075107
"Wave_951",2.40657856532601
"Wave_952",2.46799894343633
"Wave_953",2.58548457962462
"Wave_954",2.4402324741747
"Wave_955",2.21826183167851
"Wave_956",2.00366663460675
"Wave_957",1.98303974524449
"Wave_958",1.41744067014971
"Wave_959",0.889963237826132
"Wave_960",0.884868028401643
"Wave_961",0.176921888468738
"Wave_962",0.0423487109581431
"Wave_963",-0.791873405137007
"Wave_964",-1.23764592428833
"Wave_965",-1.47046527485368
"Wave_966",-1.61175406385383
"Wave_967",-2.58337013143754
"Wave_968",-2.95169273220732
"Wave_969",-2.45209052900542
"Wave_970",-3.02579641562714
"Wave_971",-3.77618480308852
"Wave_972",-3.40291641904841
"Wave_973",-3.36216397592407
"Wave_974",-3.23638065793794
"Wave_975",-2.99101288816156
"Wave_976",-3.01004808054051
"Wave_977",-2.1914263022643
"Wave_978",-0.870054087442906
"Wave_979",-0.940872935579175
"Wave_980",-0.401677227824594
"Wave_981",0.146700170862998
"Wave_982",0.622324585465396
"Wave_983",0.660976068868155
"Wave_984",1.05585329707594
"Wave_985",1.11995361337243
"Wave_986",1.31937411856368
"Wave_987",0.626841069411852
"Wave_988",-0.0142714552094754
"Wave_989",0.0967440342447601
"Wave_990",-0.560029539891661
"Wave_991",-1.62342694039848
"Wave_992",-2.62909627802346
"Wave_993",-3.28115982543462
"Wave_994",-4.02568991061251
"Wave_995",-4.24423342551354
"Wave_996",-3.89154495999529
"Wave_997",-3.60634885215153
"Wave_998",-3.32328480699314
"Wave_999",-3.14136450365141
"Wave_1000",-2.72337278067366
"Wave_1001",-4.91225893523396
"Wave_1002",-4.63186504499303
"Wave_1003",-4.168935707024
"Wave_1004",-3.6953583741782
"Wave_1005",-3.16174284357428
"Wave_1006",-2.63192296508285
"Wave_1007",-2.36878397770335
"Wave_1008",-2.27994202527553
"Wave_1009",-2.10281154493213
"Wave_1010",-2.01117820097882
"Wave_1011",-1.91878758059464
"Wave_1012",-1.78545597514926
"Wave_1013",-1.67707346268958
"Wave_1014",-1.40651546632112
"Wave_1015",-1.06938347042052
"Wave_1016",-0.759766724808123
"Wave_1017",-0.537690545975112
"Wave_1018",-0.304357273257101
"Wave_1019",-0.0407347113231444
"Wave_1020",0.137776304657603
"Wave_1021",0.343404082576018
"Wave_1022",0.558289006683251
"Wave_1023",0.817123601109724
"Wave_1024",1.03961581714368
"Wave_1025",1.19445284566523
"Wave_1026",1.36694302338526
"Wave_1027",1.64672150220484
"Wave_1028",1.91581335632322
"Wave_1029",2.18368466405688
"Wave_1030",2.48277365100792
"Wave_1031",2.73948247346825
"Wave_1032",2.94268124433355
"Wave_1033",3.27433998966081
"Wave_1034",3.58951020562454
"Wave_1035",3.97920066266586
"Wave_1036",4.4027087472843
"Wave_1037",4.60313777532902
"Wave_1038",4.77308391694756
"Wave_1039",4.95756924323619
"Wave_1040",5.20187080082085
"Wave_1041",5.49189384445035
"Wave_1042",5.65648463692251
"Wave_1043",5.81728139399822
"Wave_1044",5.96168195230414
"Wave_1045",6.08050807276936
"Wave_1046",6.20098117922715
"Wave_1047",6.38238421171951
"Wave_1048",6.51090446612447
"Wave_1049",6.72644777717181
"Wave_1050",6.88285809584031
"Wave_1051",7.05635226742271
"Wave_1052",7.40009904195811
"Wave_1053",7.7229116947034
"Wave_1054",7.908780250896
"Wave_1055",8.02599165528454
"Wave_1056",8.13570976501178
"Wave_1057",8.22547387980884
"Wave_1058",8.22269429833439
"Wave_1059",8.22105134137859
"Wave_1060",8.34675554368262
"Wave_1061",8.43964582110904
"Wave_1062",8.60370032431968
"Wave_1063",8.80166374717956
"Wave_1064",8.99462482954889
"Wave_1065",9.06172155160534
"Wave_1066",9.18769545525383
"Wave_1067",9.41628537790052
"Wave_1068",9.50294612021836
"Wave_1069",9.76088311196385
"Wave_1070",9.99080273443939
"Wave_1071",10.1316958158633
"Wave_1072",10.4294683963816
"Wave_1073",10.6379720433868
"Wave_1074",10.840231259124
"Wave_1075",11.1392867367684
"Wave_1076",11.3820594982995
"Wave_1077",11.6304098939429
"Wave_1078",11.8051010445978
"Wave_1079",12.0748410884979
"Wave_1080",12.2658150281771
"Wave_1081",12.4173759416311
"Wave_1082",12.5454853125816
"Wave_1083",12.8741145394871
"Wave_1084",13.1479165932759
"Wave_1085",13.320591766483
"Wave_1086",13.5491022229934
"Wave_1087",13.7770266671351
"Wave_1088",13.9259435226018
"Wave_1089",14.2875434747465
"Wave_1090",14.4213823578317
"Wave_1091",14.6433783953248
"Wave_1092",14.5871871604497
"Wave_1093",14.73275094326
"Wave_1094",14.7647237530856
"Wave_1095",14.8961784801599
"Wave_1096",14.9731947676363
"Wave_1097",15.1225203637161
"Wave_1098",15.2507695282384
"Wave_1099",15.4642493735029
"Wave_1100",15.6570495078989
"Wave_1101",15.7004824556266
"Wave_1102",15.920369513445
"Wave_1103",16.0403470142522
"Wave_1104",16.0227912076421
"Wave_1105",16.0962545073615
"Wave_1106",16.0406873227736
"Wave_1107",16.023476361588
"Wave_1108",16.0727297330927
"Wave_1109",16.2257563832176
"Wave_1110",16.304271727779
"Wave_1111",16.4242614413589
"Wave_1112",16.4304752154317
"Wave_1113",16.528396714295
"Wave_1114",16.5272006050479
"Wave_1115",16.4888004931365
"Wave_1116",16.4249722943864
"Wave_1117",16.3568689010911
"Wave_1118",16.079843911644
"Wave_1119",15.7205505562615
"Wave_1120",15.4234102710229
"Wave_1121",15.2724019578856
"Wave_1122",14.9667408969666
"Wave_1123",14.5291508843781
"Wave_1124",14.1856657246903
"Wave_1125",13.8474142073053
"Wave_1126",13.3332603316957
"Wave_1127",12.6612605107017
"Wave_1128",12.0910791439724
"Wave_1129",11.5058286593311
"Wave_1130",10.6883867078902
"Wave_1131",9.70241642668926
"Wave_1132",9.10614771409673
"Wave_1133",8.37388752455044
"Wave_1134",7.68237762105108
"Wave_1135",6.82270389745578
"Wave_1136",6.17863483841705
"Wave_1137",5.57053969534112
"Wave_1138",4.85729143903137
"Wave_1139",4.06367618810469
"Wave_1140",3.47112963057697
"Wave_1141",2.86262324888334
"Wave_1142",2.26983185575095
"Wave_1143",1.53884907827419
"Wave_1144",0.752566356095928
"Wave_1145",0.0973841270120188
"Wave_1146",-0.553357123356603
"Wave_1147",-1.33711016564003
"Wave_1148",-2.04334169864076
"Wave_1149",-2.75249936766135
"Wave_1150",-3.36204908930108
"Wave_1151",-4.0963021251795
"Wave_1152",-4.82039715762123
"Wave_1153",-5.31371181310783
"Wave_1154",-5.87625416727751
"Wave_1155",-6.78459119172678
"Wave_1156",-7.49024774153822
"Wave_1157",-8.08375680451785
"Wave_1158",-8.74729817128339
"Wave_1159",-9.31335957852427
"Wave_1160",-9.88582142796295
"Wave_1161",-10.3633517637654
"Wave_1162",-10.8434456509832
"Wave_1163",-11.287991769791
"Wave_1164",-11.6549470651789
"Wave_1165",-11.9486902910869
"Wave_1166",-12.2817263972583
"Wave_1167",-12.5806940360989
"Wave_1168",-12.9455066824032
"Wave_1169",-13.306048963569
"Wave_1170",-13.7113722140919
"Wave_1171",-14.0238351556643
"Wave_1172",-14.3608759257771
"Wave_1173",-14.7813447071532
"Wave_1174",-15.1499300001485
"Wave_1175",-15.4774557464724
"Wave_1176",-15.4910519403982
"Wave_1177",-15.8758491933113
"Wave_1178",-16.1989533144956
"Wave_1179",-16.6020731880061
"Wave_1180",-17.0285672424605
"Wave_1181",-17.3895159523626
"Wave_1182",-17.7309332609341
"Wave_1183",-18.0974000496094
"Wave_1184",-18.4950747757947
"Wave_1185",-18.9490642492207
"Wave_1186",-19.3191901397728
"Wave_1187",-19.6236773698448
"Wave_1188",-19.936681026435
"Wave_1189",-20.2552452650802
"Wave_1190",-20.5080890539278
"Wave_1191",-20.837269975728
"Wave_1192",-21.0904874817885
"Wave_1193",-21.4869417403976
"Wave_1194",-21.8617375360168
"Wave_1195",-22.1595069171475
"Wave_1196",-22.4021411751084
"Wave_1197",-22.6432690119047
"Wave_1198",-22.7905320303814
"Wave_1199",-22.8547625791208
"Wave_1200",-22.9658918827294
"Wave_1201",-23.0398613479349
"Wave_1202",-22.9751594888636
"Wave_1203",-22.8857061372087
"Wave_1204",-22.8130857240337
"Wave_1205",-22.6915663765657
"Wave_1206",-22.4749952460741
"Wave_1207",-22.2459748932664
"Wave_1208",-21.9717229399614
"Wave_1209",-21.5622137514949
"Wave_1210",-21.1457769793339
"Wave_1211",-20.6894729145331
"Wave_1212",-20.0903795654508
"Wave_1213",-19.4244008725183
"Wave_1214",-18.7062789965964
"Wave_1215",-17.9095053865263
"Wave_1216",-17.0601642802934
"Wave_1217",-16.2366043489087
"Wave_1218",-15.363438342693
"Wave_1219",-14.4120892621914
"Wave_1220",-13.5069053548259
"Wave_1221",-12.5107683405681
"Wave_1222",-11.5259107048343
"Wave_1223",-10.5318851052653
"Wave_1224",-9.53659319118023
"Wave_1225",-8.56861546703709
"Wave_1226",-7.59575475399886
"Wave_1227",-6.61491431097805
"Wave_1228",-5.69122624497817
"Wave_1229",-4.7735857475257
"Wave_1230",-3.84344579175726
"Wave_1231",-2.95862157176994
"Wave_1232",-2.06496309781924
"Wave_1233",-1.21112680148421
"Wave_1234",-0.345725367499107
"Wave_1235",0.491776277687007
"Wave_1236",1.30571235025585
"Wave_1237",2.04159560406249
"Wave_1238",2.67323196726469
"Wave_1239",3.28478898598305
"Wave_1240",3.8896712264262
"Wave_1241",4.49359968320482
"Wave_1242",5.08834624050744
"Wave_1243",5.63330621012758
"Wave_1244",6.16621942702655
"Wave_1245",6.64485051730611
"Wave_1246",7.18123990808499
"Wave_1247",7.7549587882472
"Wave_1248",8.27466463920261
"Wave_1249",8.76663000197141
"Wave_1250",9.20475834121705
"Wave_1251",9.61453838073849
"Wave_1252",10.0984060790794
"Wave_1253",10.572256097312
"Wave_1254",10.9577812221498
"Wave_1255",11.2761703302011
"Wave_1256",11.7066713534806
"Wave_1257",12.154262555902
"Wave_1258",12.5279002357498
"Wave_1259",12.8713042073713
"Wave_1260",13.2182898054254
"Wave_1261",13.5813674478414
"Wave_1262",13.8625125895078
"Wave_1263",14.1168327302561
"Wave_1264",14.5470599166889
"Wave_1265",14.9086381611054
"Wave_1266",15.2293427796856
"Wave_1267",15.5447117537362
"Wave_1268",15.8320044694079
"Wave_1269",16.0303703247644
"Wave_1270",16.1111739626305
"Wave_1271",16.373488007609
"Wave_1272",16.6074821834677
"Wave_1273",16.7404695810855
"Wave_1274",16.9123194236213
"Wave_1275",17.1794494870773
"Wave_1276",17.8257710294769
"Wave_1277",18.055823917441
"Wave_1278",18.2979271648989
"Wave_1279",18.5689351079844
"Wave_1280",18.7461219058534
"Wave_1281",18.8264937889207
"Wave_1282",19.0054755757518
"Wave_1283",19.1743425756785
"Wave_1284",19.2742038085669
"Wave_1285",19.411489467343
"Wave_1286",19.551270847377
"Wave_1287",19.8293243959153
"Wave_1288",19.9693964415607
"Wave_1289",20.1019107191267
"Wave_1290",20.1686205406536
"Wave_1291",20.2370007830671
"Wave_1292",20.3148527881512
"Wave_1293",20.1922332233726
"Wave_1294",20.4282834825722
"Wave_1295",20.3522590902724
"Wave_1296",20.4624696331147
"Wave_1297",20.4622704518899
"Wave_1298",20.5702570216357
"Wave_1299",20.7075922488821
"Wave_1300",20.7228618689503
"Wave_1301",20.8338938817256
"Wave_1302",20.8568764765653
"Wave_1303",20.8127127094593
"Wave_1304",20.6528557050983
"Wave_1305",20.4328820200381
"Wave_1306",20.2673460745455
"Wave_1307",19.9777563807587
"Wave_1308",19.6980977686538
"Wave_1309",19.5762633844728
"Wave_1310",19.4259458172733
"Wave_1311",19.1721838682366
"Wave_1312",18.8376864206952
"Wave_1313",18.439404992692
"Wave_1314",18.1253431254177
"Wave_1315",17.6757361550902
"Wave_1316",17.3931427622704
"Wave_1317",17.1204599039806
"Wave_1318",16.860417243015
"Wave_1319",16.4169986615785
"Wave_1320",16.0931137983289
"Wave_1321",15.6452316752895
"Wave_1322",15.1645949137859
"Wave_1323",14.6572179745161
"Wave_1324",14.3808591494934
"Wave_1325",13.9681193367201
"Wave_1326",13.8525475887449
"Wave_1327",13.3813200596912
"Wave_1328",12.8595282157745
"Wave_1329",12.2407642699808
"Wave_1330",11.7129362968004
"Wave_1331",11.08815323379
"Wave_1332",10.6174387757764
"Wave_1333",9.98046263400685
"Wave_1334",9.43437855919723
"Wave_1335",8.86923175343241
"Wave_1336",8.29994560968632
"Wave_1337",7.70929984789108
"Wave_1338",7.21650625466268
"Wave_1339",6.50579777091196
"Wave_1340",5.85862208792613
"Wave_1341",5.15068419341182
"Wave_1342",4.47186024595392
"Wave_1343",3.70033874823689
"Wave_1344",3.01612563846
"Wave_1345",2.36469926317072
"Wave_1346",1.63919105982209
"Wave_1347",0.978128778468035
"Wave_1348",0.286594237241247
"Wave_1349",-0.314147119764166
"Wave_1350",-0.990425076397537
"Wave_1351",-1.67997189778646
"Wave_1352",-2.20458665117572
"Wave_1353",-2.74582976459586
"Wave_1354",-3.44442150760849
"Wave_1355",-4.15744984663905
"Wave_1356",-4.84606354384016
"Wave_1357",-5.54185330105308
"Wave_1358",-6.15714959299979
"Wave_1359",-6.74157862780613
"Wave_1360",-7.30923528647131
"Wave_1361",-7.86512796462649
"Wave_1362",-8.30212992820329
"Wave_1363",-8.81964234576753
"Wave_1364",-9.3976643294482
"Wave_1365",-9.5868516466975
"Wave_1366",-9.83438336915608
"Wave_1367",-10.1885510871346
"Wave_1368",-10.5711678916237
"Wave_1369",-10.5634902340661
"Wave_1370",-10.9014806857235
"Wave_1371",-11.2617561180292
"Wave_1372",-11.503548775905
"Wave_1373",-11.3696670914632
"Wave_1374",-11.4714709745003
"Wave_1375",-11.5776754000225
"Wave_1376",-11.2691144576833
"Wave_1377",-11.0513427133384
"Wave_1378",-11.0233182559481
"Wave_1379",-11.0155810114054
"Wave_1380",-10.3483842401935
"Wave_1381",-9.89574760775584
"Wave_1382",-9.46968877471068
"Wave_1383",-8.97379547345438
"Wave_1384",-8.06170405844458
"Wave_1385",-7.25376117539967
"Wave_1386",-6.41911908413062
"Wave_1387",-5.456059522794
"Wave_1388",-4.49868850437222
"Wave_1389",-3.63658604224445
"Wave_1390",-2.73890662603085
"Wave_1391",-2.03527070501893
"Wave_1392",-1.50078276323663
"Wave_1393",-0.799856223523078
"Wave_1394",-0.00202125866545266
"Wave_1395",0.351687389661951
"Wave_1396",0.96704040142518
"Wave_1397",1.75401933808838
"Wave_1398",2.28825318829598
"Wave_1399",2.57515132000631
"Wave_1400",3.03555493704406
"Wave_1401",3.75833491234897
"Wave_1402",3.93989938007428
"Wave_1403",4.26116378230345
"Wave_1404",4.71805002419178
"Wave_1405",5.22635346799151
"Wave_1406",4.99230131511548
"Wave_1407",5.14817874394137
"Wave_1408",5.4416868827779
"Wave_1409",5.71358499478177
"Wave_1410",5.67244728775256
"Wave_1411",5.84187535698903
"Wave_1412",6.07629798207336
"Wave_1413",6.03314562299593
"Wave_1414",6.03504912046872
"Wave_1415",6.10638936794936
"Wave_1416",6.27781836741152
"Wave_1417",6.12680326356944
"Wave_1418",6.06263397132654
"Wave_1419",6.01524491001029
"Wave_1420",6.04170431135844
"Wave_1421",5.89766252909848
"Wave_1422",5.91396952682202
"Wave_1423",5.96157651993955
"Wave_1424",5.97421687232557
"Wave_1425",5.8817775858421
"Wave_1426",5.98377533502347
"Wave_1427",6.06508178397433
"Wave_1428",6.07007326682389
"Wave_1429",6.22267257148021
"Wave_1430",6.40159669010917
"Wave_1431",6.591401539385
"Wave_1432",6.67984759116008
"Wave_1433",6.75103158504024
"Wave_1434",6.83848107573958
"Wave_1435",6.93006230823519
"Wave_1436",7.09374214016552
"Wave_1437",7.32650468581808
"Wave_1438",7.56426812620432
"Wave_1439",7.75978990509664
"Wave_1440",8.00545618097076
"Wave_1441",8.2602951152687
"Wave_1442",8.49215717527175
"Wave_1443",8.72020703861435
"Wave_1444",8.98926145465729
"Wave_1445",9.2665893859544
"Wave_1446",9.53086224011119
"Wave_1447",9.80556940080698
"Wave_1448",10.0660383339694
"Wave_1449",10.3509161543662
"Wave_1450",10.6136798742085
"Wave_1451",10.8545429978978
"Wave_1452",11.1156418096598
"Wave_1453",11.3631910459877
"Wave_1454",11.5632777036935
"Wave_1455",11.8016228171453
"Wave_1456",12.0552041908322
"Wave_1457",12.2816583139957
"Wave_1458",12.4871342130429
"Wave_1459",12.7273700572422
"Wave_1460",12.9882819435308
"Wave_1461",13.2003796648101
"Wave_1462",13.4273198561309
"Wave_1463",13.705676952457
"Wave_1464",13.998427720672
"Wave_1465",14.1692120236745
"Wave_1466",14.3626984955066
"Wave_1467",14.5593156421346
"Wave_1468",14.7681399526159
"Wave_1469",14.8700776997175
"Wave_1470",15.0320685325499
"Wave_1471",15.196752095977
"Wave_1472",15.3503703161816
"Wave_1473",15.4376458340928
"Wave_1474",15.5446844614966
"Wave_1475",15.648882931811
"Wave_1476",15.7300544703696
"Wave_1477",15.7950741474363
"Wave_1478",15.8822192994318
"Wave_1479",15.996545119168
"Wave_1480",16.0750398147619
"Wave_1481",16.1517551160493
"Wave_1482",16.2751197675393
"Wave_1483",16.3846258761485
"Wave_1484",16.4406381083759
"Wave_1485",16.4666947561176
"Wave_1486",16.5058485496559
"Wave_1487",16.55228495538
"Wave_1488",16.636854046036
"Wave_1489",16.7094710923611
"Wave_1490",16.7905394576538
"Wave_1491",16.8244934129256
"Wave_1492",16.8885428970628
"Wave_1493",16.9132329887139
"Wave_1494",16.8944367717001
"Wave_1495",16.8574605525668
"Wave_1496",16.8087783702676
"Wave_1497",16.7674881993719
"Wave_1498",16.696791337794
"Wave_1499",16.6087410821635
"Wave_1500",16.4824662382314
"Wave_1501",16.4347116379145
"Wave_1502",16.301151715698
"Wave_1503",16.2558100726824
"Wave_1504",16.2272089730851
"Wave_1505",16.1254626250317
"Wave_1506",15.9767522067856
"Wave_1507",15.8058859643837
"Wave_1508",15.6519395630226
"Wave_1509",15.4508801557905
"Wave_1510",15.2452861729898
"Wave_1511",15.0267249655076
"Wave_1512",14.8521063844891
"Wave_1513",14.6615667129641
"Wave_1514",14.4854175116927
"Wave_1515",14.3533565064486
"Wave_1516",14.1521794068395
"Wave_1517",13.7996556551997
"Wave_1518",13.5431928434016
"Wave_1519",13.2011864924048
"Wave_1520",12.8857112639837
"Wave_1521",12.5873090748755
"Wave_1522",12.269010795633
"Wave_1523",11.9519448503856
"Wave_1524",11.6065722318379
"Wave_1525",11.2762916656843
"Wave_1526",10.9068592051853
"Wave_1527",10.5285518976362
"Wave_1528",10.1223304197365
"Wave_1529",9.72727432086082
"Wave_1530",9.31593155720332
"Wave_1531",8.94688499784742
"Wave_1532",8.52218822978467
"Wave_1533",8.12090592141373
"Wave_1534",7.74004674103405
"Wave_1535",7.2974854236034
"Wave_1536",6.88163118070225
"Wave_1537",6.44134419360348
"Wave_1538",6.00565284457395
"Wave_1539",5.53656469529663
"Wave_1540",5.0716123327175
"Wave_1541",4.57611546519587
"Wave_1542",4.18471035242148
"Wave_1543",3.67105053255579
"Wave_1544",3.18531781485903
"Wave_1545",2.70728199113227
"Wave_1546",2.20350176389888
"Wave_1547",1.65987681132026
"Wave_1548",1.1550059940674
"Wave_1549",0.641744814925664
"Wave_1550",0.123076756021218
"Wave_1551",-0.363490633186149
"Wave_1552",-0.881748677943221
"Wave_1553",-1.35424074852978
"Wave_1554",-1.83552181691564
"Wave_1555",-2.28745354225367
"Wave_1556",-2.689348784547
"Wave_1557",-3.10467137476449
"Wave_1558",-3.47064691749182
"Wave_1559",-3.83054464894632
"Wave_1560",-4.19435982592052
"Wave_1561",-4.56371198299816
"Wave_1562",-4.95555421860912
"Wave_1563",-5.39598866824197
"Wave_1564",-5.71459141624471
"Wave_1565",-6.04667340199977
"Wave_1566",-6.31122854654413
"Wave_1567",-6.60925249880688
"Wave_1568",-7.00264266938452
"Wave_1569",-7.31632385653827
"Wave_1570",-7.60883760855458
"Wave_1571",-7.89581670024216
"Wave_1572",-8.13798537181777
"Wave_1573",-8.40954164694109
"Wave_1574",-8.74284652628629
"Wave_1575",-8.98008503357876
"Wave_1576",-9.22121797046675
"Wave_1577",-9.45023411663893
"Wave_1578",-9.67541366829416
"Wave_1579",-9.94996958656367
"Wave_1580",-10.2688280375201
"Wave_1581",-10.5558147719955
"Wave_1582",-10.7431318864569
"Wave_1583",-10.9231050101683
"Wave_1584",-11.079330995296
"Wave_1585",-11.1969931318941
"Wave_1586",-11.2865512151247
"Wave_1587",-11.3590325366468
"Wave_1588",-11.4035773430985
"Wave_1589",-11.4697209268203
"Wave_1590",-11.4344559426351
"Wave_1591",-11.4281613661624
"Wave_1592",-11.4252569332512
"Wave_1593",-11.3854884620247
"Wave_1594",-11.3178398937635
"Wave_1595",-11.1943525168856
"Wave_1596",-11.0693951111967
"Wave_1597",-10.9556394681109
"Wave_1598",-10.8377465522993
"Wave_1599",-10.6597117711087
"Wave_1600",-10.4795198916023
"Wave_1601",-10.2867912403595
"Wave_1602",-10.0533088896394
"Wave_1603",-9.928714508145
"Wave_1604",-9.76535057131741
"Wave_1605",-9.49618123137112
"Wave_1606",-9.26006456212967
"Wave_1607",-8.9944640406095
"Wave_1608",-8.72586272340121
"Wave_1609",-8.50899332509139
"Wave_1610",-8.34989774451223
"Wave_1611",-8.13170242691684
"Wave_1612",-7.91278293798452
"Wave_1613",-7.69586929677941
"Wave_1614",-7.4080944550995
"Wave_1615",-7.10681473902955
"Wave_1616",-6.83133965873986
"Wave_1617",-6.57510208535674
"Wave_1618",-6.2991642255069
"Wave_1619",-5.96482928893061
"Wave_1620",-5.66745892411656
"Wave_1621",-5.40330084056966
"Wave_1622",-5.13868224173419
"Wave_1623",-4.98750181393564
"Wave_1624",-4.83634803666602
"Wave_1625",-4.6939030080177
"Wave_1626",-4.33783611272901
"Wave_1627",-4.11836586601875
"Wave_1628",-3.86189718839742
"Wave_1629",-3.59904214432052
"Wave_1630",-3.40450657895885
"Wave_1631",-3.21605400025719
"Wave_1632",-3.00284391139777
"Wave_1633",-2.81149488795341
"Wave_1634",-2.62819704841465
"Wave_1635",-2.5451952588834
"Wave_1636",-2.4958446666181
"Wave_1637",-2.31057963360457
"Wave_1638",-2.10635995643994
"Wave_1639",-1.96858075676877
"Wave_1640",-1.80392117047318
"Wave_1641",-1.61962949156292
"Wave_1642",-1.44503265778463
"Wave_1643",-1.39527021582441
"Wave_1644",-1.22496282587272
"Wave_1645",-1.18508915418849
"Wave_1646",-1.17150281413658
"Wave_1647",-1.20381772245994
"Wave_1648",-1.20460776852318
"Wave_1649",-1.30118115354469
"Wave_1650",-1.4689944263457
"Wave_1651",-1.59797973690176
"Wave_1652",-1.78285990051653
"Wave_1653",-2.02881301487236
"Wave_1654",-2.29585681270155
"Wave_1655",-2.50505057299093
"Wave_1656",-2.73226656110656
"Wave_1657",-3.11425739442307
"Wave_1658",-3.44359592423575
"Wave_1659",-3.73888286254843
"Wave_1660",-4.1602774863363
"Wave_1661",-4.54765034595541
"Wave_1662",-4.93848912607636
"Wave_1663",-5.32089690904202
"Wave_1664",-5.79398892893586
"Wave_1665",-6.15859926132062
"Wave_1666",-6.65256736149131
"Wave_1667",-7.12018270261078
"Wave_1668",-7.49085009040942
"Wave_1669",-7.70587107844158
"Wave_1670",-7.81682709338525
"Wave_1671",-7.95748923848848
"Wave_1672",-8.24006361323029
"Wave_1673",-8.50129116656716
"Wave_1674",-8.79818021527707
"Wave_1675",-8.98880037068545
"Wave_1676",-9.12501641265904
"Wave_1677",-9.32570692734484
"Wave_1678",-9.47620595292629
"Wave_1679",-9.67136838662337
"Wave_1680",-9.64672521104407
"Wave_1681",-9.80620880712357
"Wave_1682",-9.90504618346474
"Wave_1683",-10.0819690759805
"Wave_1684",-10.1524730027499
"Wave_1685",-10.1459371889743
"Wave_1686",-10.2743899355744
"Wave_1687",-10.5461432326741
"Wave_1688",-10.7256490450528
"Wave_1689",-10.9638427713899
"Wave_1690",-11.2524426016639
"Wave_1691",-11.5135003884134
"Wave_1692",-11.8117170501356
"Wave_1693",-12.2351818459587
"Wave_1694",-12.5880468245163
"Wave_1695",-13.0727951005586
"Wave_1696",-13.711636169797
"Wave_1697",-14.27447194656
"Wave_1698",-14.9189276620968
"Wave_1699",-15.6492405081181
"Wave_1700",-16.3766292516475
"Wave_1701",-17.0113154473397
"Wave_1702",-17.5602343275289
"Wave_1703",-18.0322435158922
"Wave_1704",-18.5497028418589
"Wave_1705",-19.0542270761616
"Wave_1706",-19.5056435051039
"Wave_1707",-19.8638820927823
"Wave_1708",-20.3702830092393
"Wave_1709",-20.550512248609
"Wave_1710",-20.9547199609488
"Wave_1711",-21.4231102886227
"Wave_1712",-21.8250811602966
"Wave_1713",-22.289614524031
"Wave_1714",-22.5996946772649
"Wave_1715",-22.8964975908593
"Wave_1716",-23.1133685159059
"Wave_1717",-23.3606697370187
"Wave_1718",-23.5987737812203
"Wave_1719",-23.7390977792751
"Wave_1720",-23.8560752894648
"Wave_1721",-23.9296952741207
"Wave_1722",-23.8978176619525
"Wave_1723",-23.8511120836341
"Wave_1724",-23.8572837206838
"Wave_1725",-23.6755499955721
"Wave_1726",-23.5401314796169
"Wave_1727",-23.3182397377597
"Wave_1728",-22.9419004423083
"Wave_1729",-22.5999639647126
"Wave_1730",-22.0192460098458
"Wave_1731",-21.5360380573399
"Wave_1732",-21.1080881882855
"Wave_1733",-20.6481069835949
"Wave_1734",-20.1361783808577
"Wave_1735",-19.7622725608735
"Wave_1736",-19.3428321325902
"Wave_1737",-19.0212129385736
"Wave_1738",-18.7105041188481
"Wave_1739",-18.3940623674655
"Wave_1740",-18.1498792039605
"Wave_1741",-17.9206083190547
"Wave_1742",-17.6991926855561
"Wave_1743",-17.51567409386
"Wave_1744",-17.399891876609
"Wave_1745",-17.1938043612711
"Wave_1746",-17.0573334781044
"Wave_1747",-16.9885905606973
"Wave_1748",-16.7725195111996
"Wave_1749",-16.6213131294198
"Wave_1750",-16.5352885638216
"Wave_1751",-16.3152825926722
"Wave_1752",-16.1142085786439
"Wave_1753",-15.9314134337807
"Wave_1754",-15.640630886912
"Wave_1755",-15.2913151504649
"Wave_1756",-15.0095551192684
"Wave_1757",-14.575360203523
"Wave_1758",-14.2278904118071
"Wave_1759",-13.8904380977268
"Wave_1760",-13.4640686081095
"Wave_1761",-12.9974256445994
"Wave_1762",-12.5468960907541
"Wave_1763",-11.9662117102775
"Wave_1764",-11.3966310074411
"Wave_1765",-10.9049944174441
"Wave_1766",-10.3504896329392
"Wave_1767",-9.90323088073198
"Wave_1768",-9.327209653818
"Wave_1769",-8.74222381279884
"Wave_1770",-8.22742625449968
"Wave_1771",-7.63213699756208
"Wave_1772",-7.13703072351267
"Wave_1773",-6.6160254779608
"Wave_1774",-6.19311448188685
"Wave_1775",-5.75151213514575
"Wave_1776",-5.48313282870087
"Wave_1777",-5.16838596757554
"Wave_1778",-4.90073947931016
"Wave_1779",-4.66915688050303
"Wave_1780",-4.4656638773805
"Wave_1781",-4.18867650457242
"Wave_1782",-3.91703764197954
"Wave_1783",-3.72948613508602
"Wave_1784",-3.5182450763912
"Wave_1785",-3.33769148074871
"Wave_1786",-3.16021780722983
"Wave_1787",-2.85684662819121
"Wave_1788",-2.51827848833313
"Wave_1789",-2.2521584734761
"Wave_1790",-1.99524237380994
"Wave_1791",-2.04016279522967
"Wave_1792",-1.82667390397512
"Wave_1793",-1.58002703343406
"Wave_1794",-1.42356304828895
"Wave_1795",-1.30442916952199
"Wave_1796",-4.33820212340563
"Wave_1797",-4.23963563697035
"Wave_1798",-4.12163637163176
"Wave_1799",-4.02407920450323
"Wave_1800",-3.93431314691029
"Wave_1801",-3.06091104311271
"Wave_1802",-2.90669333851925
"Wave_1803",-2.95034164957442
"Wave_1804",-2.8409952736555
"Wave_1805",-2.63292563429102
"Wave_1806",-2.52382235293799
"Wave_1807",-2.2598555722394
"Wave_1808",-2.21037038649922
"Wave_1809",-2.11858359170654
"Wave_1810",-2.05585336857359
"Wave_1811",-1.95809758528921
"Wave_1812",-1.86065717739109
"Wave_1813",-1.74912330645505
"Wave_1814",-1.63665019420088
"Wave_1815",-1.53596560695806
"Wave_1816",-1.48073358219712
"Wave_1817",-1.37801984898016
"Wave_1818",-1.3459569639755
"Wave_1819",-1.1482718494505
"Wave_1820",-1.07386629813433
"Wave_1821",-1.00135205703944
"Wave_1822",-0.798292286494897
"Wave_1823",-0.587108667332005
"Wave_1824",-0.346678246662561
"Wave_1825",-0.192753687361125
"Wave_1826",-0.00980901407748025
"Wave_1827",0.108648216662055
"Wave_1828",0.219235657653108
"Wave_1829",0.577487587544406
"Wave_1830",0.84582228614351
"Wave_1831",1.0080147489794
"Wave_1832",1.44370496341555
"Wave_1833",1.78462867556561
"Wave_1834",2.0762610600908
"Wave_1835",2.46633233826841
"Wave_1836",2.97102777702588
"Wave_1837",3.35699006156742
"Wave_1838",3.68285724288058
"Wave_1839",4.07386746528635
"Wave_1840",4.56813175270409
"Wave_1841",5.04097074502075
"Wave_1842",5.51066023323488
"Wave_1843",6.33867735279276
"Wave_1844",7.17316022143371
"Wave_1845",7.75443274333826
"Wave_1846",8.36833455752422
"Wave_1847",8.97754472453016
"Wave_1848",9.45768625494619
"Wave_1849",9.992121263916
"Wave_1850",10.8087102882525
"Wave_1851",11.4243059058225
"Wave_1852",11.9309132349765
"Wave_1853",12.6219012390428
"Wave_1854",13.4427279067016
"Wave_1855",14.0376455412335
"Wave_1856",14.5370633873498
"Wave_1857",15.1441484194259
"Wave_1858",15.7785404909406
"Wave_1859",16.2954508515919
"Wave_1860",16.7141274590037
"Wave_1861",17.1358662055271
"Wave_1862",17.2106008790686
"Wave_1863",17.2472368677199
"Wave_1864",17.4198036651484
"Wave_1865",17.4092054618645
"Wave_1866",17.1671298136201
"Wave_1867",17.2183860725239
"Wave_1868",17.4572640098541
"Wave_1869",17.3616947192448
"Wave_1870",17.4579858022325
"Wave_1871",17.6988604801929
"Wave_1872",17.7741158900658
"Wave_1873",17.6511224428408
"Wave_1874",17.5838096810318
"Wave_1875",17.2676902888942
"Wave_1876",17.1030626315075
"Wave_1877",17.2281999976368
"Wave_1878",16.5022981508125
"Wave_1879",16.0337727432973
"Wave_1880",15.2767565517539
"Wave_1881",14.2344163834857
"Wave_1882",12.9935899786482
"Wave_1883",12.110263131988
"Wave_1884",11.0416590938127
"Wave_1885",9.51412076311056
"Wave_1886",8.36680266520271
"Wave_1887",7.18294234112904
"Wave_1888",5.75094207974985
"Wave_1889",4.24733802234576
"Wave_1890",3.27187678041546
"Wave_1891",2.19672086181973
"Wave_1892",0.832106799572711
"Wave_1893",-0.596189732296396
"Wave_1894",-2.02165221247543
"Wave_1895",-3.41165731371262
"Wave_1896",-4.96626571989259
"Wave_1897",-6.07558226272025
"Wave_1898",-6.46682078510837
"Wave_1899",-5.60588737571959
"Wave_1900",-4.15852442210707
"Wave_1901",-2.26727473762769
"Wave_1902",-1.3611928363621
"Wave_1903",-1.85312844886643
"Wave_1904",-3.18766677213879
"Wave_1905",-4.33908603963766
"Wave_1906",-4.47669286694045
"Wave_1907",-4.68428481928537
"Wave_1908",-5.00620405377152
"Wave_1909",-5.26897181641874
"Wave_1910",-5.71984792707513
"Wave_1911",-6.14005098631436
"Wave_1912",-6.59148552361918
"Wave_1913",-6.92830863809999
"Wave_1914",-7.21421071307762
"Wave_1915",-7.52260767161632
"Wave_1916",-7.83332027529179
"Wave_1917",-8.18258518468241
"Wave_1918",-8.48491953293625
"Wave_1919",-8.77572869125702
"Wave_1920",-9.05681111585493
"Wave_1921",-9.31353209294385
"Wave_1922",-9.49985198113871
"Wave_1923",-9.71795461555736
"Wave_1924",-9.90893401813223
"Wave_1925",-10.1659607357139
"Wave_1926",-10.4184916717168
"Wave_1927",-10.681343972773
"Wave_1928",-10.8624621492622
"Wave_1929",-11.0412398938875
"Wave_1930",-11.1901018971053
"Wave_1931",-11.2526462664868
"Wave_1932",-11.3548120074989
"Wave_1933",-11.4340178812762
"Wave_1934",-11.522497701816
"Wave_1935",-11.5921167268408
"Wave_1936",-11.6667586791692
"Wave_1937",-11.8126204624138
"Wave_1938",-11.8506790705202
"Wave_1939",-11.8066312379124
"Wave_1940",-11.7278159792805
"Wave_1941",-11.6508578206727
"Wave_1942",-11.4978575962272
"Wave_1943",-11.4157039458399
"Wave_1944",-11.3654624073778
"Wave_1945",-11.3363959409324
"Wave_1946",-11.2956069723466
"Wave_1947",-11.1850715594436
"Wave_1948",-11.0956830351961
"Wave_1949",-10.9642820915133
"Wave_1950",-10.7185154007437
"Wave_1951",-10.4956668778593
"Wave_1952",-10.2887517161051
"Wave_1953",-10.161776749842
"Wave_1954",-10.0849941089567
"Wave_1955",-9.99214615801532
"Wave_1956",-9.85024952438229
"Wave_1957",-9.66661123098061
"Wave_1958",-9.45588883476456
"Wave_1959",-9.19186047118578
"Wave_1960",-8.93486698755016
"Wave_1961",-8.74695223358689
"Wave_1962",-8.59948921289136
"Wave_1963",-8.40245594197824
"Wave_1964",-8.14662155923256
"Wave_1965",-7.913708562767
"Wave_1966",-7.75565990126898
"Wave_1967",-7.64374245041948
"Wave_1968",-7.50440697021047
"Wave_1969",-7.31555983415294
"Wave_1970",-7.08185814876071
"Wave_1971",-6.87641634284973
"Wave_1972",-6.59963572039618
"Wave_1973",-6.22363853950506
"Wave_1974",-5.85767732177645
"Wave_1975",-5.52137584880905
"Wave_1976",-5.18435282632742
"Wave_1977",-4.84538546355603
"Wave_1978",-4.4986513975873
"Wave_1979",-4.1889925642396
"Wave_1980",-3.90395663668833
"Wave_1981",-3.64148513290241
"Wave_1982",-3.39042331025083
"Wave_1983",-3.09850322580921
"Wave_1984",-2.79424223760239
"Wave_1985",-2.51714711298238
"Wave_1986",-2.33498732208319
"Wave_1987",-2.17920246320883
"Wave_1988",-1.98411039914419
"Wave_1989",-1.75744983973126
"Wave_1990",-1.47068307782529
"Wave_1991",-1.07881899186283
"Wave_1992",-0.615010624151687
"Wave_1993",-0.215373225421715
"Wave_1994",0.048867573029759
"Wave_1995",0.280015487284487
"Wave_1996",0.507319051219239
"Wave_1997",0.715502529336802
"Wave_1998",0.969067207547551
"Wave_1999",1.24582731050599
"Wave_2000",1.53509539612862
"Wave_2001",1.79795822754475
"Wave_2002",1.98559863458084
"Wave_2003",2.1695537067674
"Wave_2004",2.37903092810303
"Wave_2005",2.65724948586249
"Wave_2006",2.93522008308948
"Wave_2007",3.26479580857973
"Wave_2008",3.75204274470059
"Wave_2009",4.2013904303291
"Wave_2010",4.5228036077766
"Wave_2011",4.76443558727187
"Wave_2012",5.00233750584863
"Wave_2013",5.17530135381033
"Wave_2014",5.37507708716603
"Wave_2015",5.63593556350697
"Wave_2016",5.83303658339526
"Wave_2017",5.96103975675392
"Wave_2018",6.05564299743417
"Wave_2019",6.18806786675909
"Wave_2020",6.29551839923286
"Wave_2021",6.41947983768381
"Wave_2022",6.55012409081864
"Wave_2023",6.76477158110848
"Wave_2024",6.87987875837179
"Wave_2025",7.02115915432937
"Wave_2026",7.18690934463697
"Wave_2027",7.2779074467095
"Wave_2028",7.36680270385285
"Wave_2029",7.43121482201682
"Wave_2030",7.50465891391418
"Wave_2031",7.62188712072887
"Wave_2032",7.73893500776693
"Wave_2033",7.8755691156019
"Wave_2034",7.93692697854466
"Wave_2035",7.89790873743639
"Wave_2036",7.78916884055001
"Wave_2037",7.60634263249263
"Wave_2038",7.39720936999574
"Wave_2039",7.29784980515906
"Wave_2040",7.32793826069556
"Wave_2041",7.38479503325936
"Wave_2042",7.46904577447139
"Wave_2043",7.56057644488468
"Wave_2044",7.58355004566406
"Wave_2045",7.54556447345969
"Wave_2046",7.56066634221905
"Wave_2047",7.65508383868751
"Wave_2048",7.74478638618868
"Wave_2049",7.76762172939034
"Wave_2050",7.71963724836367
"Wave_2051",7.7053341919774
"Wave_2052",7.56441803310217
"Wave_2053",7.39390119417104
"Wave_2054",7.28539067075457
"Wave_2055",7.17659701096333
"Wave_2056",7.02213288314574
"Wave_2057",6.87375546505264
"Wave_2058",6.85592535433941
"Wave_2059",6.95525262895268
"Wave_2060",7.09966460319513
"Wave_2061",7.12774982115912
"Wave_2062",7.15717291978762
"Wave_2063",7.00267955131051
"Wave_2064",6.62834926404364
"Wave_2065",6.20102668200764
"Wave_2066",5.8441714749711
"Wave_2067",5.74476268294396
"Wave_2068",5.70876025989944
"Wave_2069",5.54695362069884
"Wave_2070",5.51159110130248
"Wave_2071",5.49982611812459
"Wave_2072",5.38458883675171
"Wave_2073",5.24980157333875
"Wave_2074",5.03334710767242
"Wave_2075",4.77727487491452
"Wave_2076",4.6520210265525
"Wave_2077",4.48084909938171
"Wave_2078",4.24721234148169
"Wave_2079",4.1465685070405
"Wave_2080",4.15613947590672
"Wave_2081",3.88180606987317
"Wave_2082",3.77232015996038
"Wave_2083",3.78095966471739
"Wave_2084",3.5769221920061
"Wave_2085",3.50376840193872
"Wave_2086",3.46598992481282
"Wave_2087",3.28193196371267
"Wave_2088",3.06389263832705
"Wave_2089",3.21589535001586
"Wave_2090",3.15674563323926
"Wave_2091",3.39326518365813
"Wave_2092",3.352762492282
"Wave_2093",3.15846384494042
"Wave_2094",3.11427102020648
"Wave_2095",2.9617263958132
"Wave_2096",2.82870631160996
"Wave_2097",2.77522990541132
"Wave_2098",2.82292720206243
"Wave_2099",2.65895458582316
"Wave_2100",2.61826179438911
"Wave_2101",2.51159023039383
"Wave_2102",2.08701859173052
"Wave_2103",2.1150586614152
"Wave_2104",2.09885870769538
"Wave_2105",1.87552965579875
"Wave_2106",1.71494186042599
"Wave_2107",1.76028978459008
"Wave_2108",1.58047916668094
"Wave_2109",1.76211169915839
"Wave_2110",1.87902310278632
"Wave_2111",1.95171095339026
"Wave_2112",1.77920952762104
"Wave_2113",1.85216298188222
"Wave_2114",1.64099536191502
"Wave_2115",1.39399732271603
"Wave_2116",1.54427000901412
"Wave_2117",1.40865368829509
"Wave_2118",1.31584776816486
"Wave_2119",1.67611384595689
"Wave_2120",1.69083222446194
"Wave_2121",1.83289668782609
"Wave_2122",2.08944123300144
"Wave_2123",2.07340640214453
"Wave_2124",2.18302984391277
"Wave_2125",2.3115957236546
"Wave_2126",2.2668306159543
"Wave_2127",2.51745414269245
"Wave_2128",2.75915382629166
"Wave_2129",2.9186531880073
"Wave_2130",2.96430875609616
"Wave_2131",2.98542465070345
"Wave_2132",3.03044692769837
"Wave_2133",3.14807909978255
"Wave_2134",3.25507129296001
"Wave_2135",3.4576902830362
"Wave_2136",3.98880997857871
"Wave_2137",4.46556461676261
"Wave_2138",4.5997793786283
"Wave_2139",4.92777859899877
"Wave_2140",4.99982063525091
"Wave_2141",4.92755539117841
"Wave_2142",4.77840797224585
"Wave_2143",5.02790554654726
"Wave_2144",4.81491492686954
"Wave_2145",4.8712469830426
"Wave_2146",4.83950649371639
"Wave_2147",4.75897381580282
"Wave_2148",4.77787702469137
"Wave_2149",4.70588955362177
"Wave_2150",4.65375738728293
"Wave_2151",5.01901695401796
"Wave_2152",4.99203038096693
"Wave_2153",4.98755346446854
"Wave_2154",5.24735089394961
"Wave_2155",5.43013539860425
"Wave_2156",5.22971433720398
"Wave_2157",5.23928007664711
"Wave_2158",5.2149932281192
"Wave_2159",5.34791164649469
"Wave_2160",5.48578613141538
"Wave_2161",5.72586936291886
"Wave_2162",5.65933986979965
"Wave_2163",5.77992502828033
"Wave_2164",5.82816436054173
"Wave_2165",5.80183032361275
"Wave_2166",5.92717837189978
"Wave_2167",6.02760047201917
"Wave_2168",6.03218853599712
"Wave_2169",6.43100250530795
"Wave_2170",6.87206112041588
"Wave_2171",7.19653623569457
"Wave_2172",7.58286134126353
"Wave_2173",8.0056946984556
"Wave_2174",8.18797570470917
"Wave_2175",8.24770705926299
"Wave_2176",8.2037369802607
"Wave_2177",7.99457208689579
"Wave_2178",7.7878442528548
"Wave_2179",7.2373163679183
"Wave_2180",7.03578585733423
"Wave_2181",7.0931978550614
"Wave_2182",7.32603546821954
"Wave_2183",7.57138375396556
"Wave_2184",8.02937342770064
"Wave_2185",8.36994666301906
"Wave_2186",8.51815155305229
"Wave_2187",8.81948081347116
"Wave_2188",8.93105528480372
"Wave_2189",9.12112883544072
"Wave_2190",9.33498890208818
"Wave_2191",9.49082497049848
"Wave_2192",9.54166732628919
"Wave_2193",9.67663400256735
"Wave_2194",9.70988438630169
"Wave_2195",9.60762335262704
"Wave_2196",9.60163129958375
"Wave_2197",9.38121798478522
"Wave_2198",9.15290414257034
"Wave_2199",9.31504312487845
"Wave_2200",9.25273896561477
"Wave_2201",9.11064177426816
"Wave_2202",9.17649690962194
"Wave_2203",9.08811395590358
"Wave_2204",8.95728294037218
"Wave_2205",8.99122688231315
"Wave_2206",8.90234657337097
"Wave_2207",8.66071414119379
"Wave_2208",8.53181273597621
"Wave_2209",8.24390115360096
"Wave_2210",7.91638878037019
"Wave_2211",7.87446545427396
"Wave_2212",7.7710507749579
"Wave_2213",7.6733708801519
"Wave_2214",7.91174815074809
"Wave_2215",7.56934325223845
"Wave_2216",7.28972664172009
"Wave_2217",7.24000906698712
"Wave_2218",6.95337310052993
"Wave_2219",6.68435904809041
"Wave_2220",6.7263033358796
"Wave_2221",6.44932113537252
"Wave_2222",6.23076030004581
"Wave_2223",6.06976680736723
"Wave_2224",5.54189283658128
"Wave_2225",5.00624219781803
"Wave_2226",4.40766793780832
"Wave_2227",3.63899410119476
"Wave_2228",3.22450067698214
"Wave_2229",2.81766427785671
"Wave_2230",2.38336088259703
"Wave_2231",2.07313227128598
"Wave_2232",2.14271305686586
"Wave_2233",2.1115050107803
"Wave_2234",1.97201132307682
"Wave_2235",1.85620183322582
"Wave_2236",1.589012397738
"Wave_2237",1.25055384358829
"Wave_2238",0.83832716772046
"Wave_2239",-0.0402635157915966
"Wave_2240",-0.805481650573435
"Wave_2241",-1.50661570377592
"Wave_2242",-1.92158202057585
"Wave_2243",-2.38261412998509
"Wave_2244",-2.52450391023182
"Wave_2245",-3.04823615229528
"Wave_2246",-3.51923326396097
"Wave_2247",-4.04626025573564
"Wave_2248",-4.7548218702352
"Wave_2249",-5.29739663080988
"Wave_2250",-5.81946776281754
"Wave_2251",-6.62640415452636
"Wave_2252",-7.42019074196898
"Wave_2253",-8.18851372500714
"Wave_2254",-8.90909512948718
"Wave_2255",-9.29761002205673
"Wave_2256",-9.95970902666354
"Wave_2257",-10.7486248686554
"Wave_2258",-11.0254605460967
"Wave_2259",-11.3530499783746
"Wave_2260",-11.8013924334159
"Wave_2261",-12.1813466894777
"Wave_2262",-12.3331340496484
"Wave_2263",-12.5979174662509
"Wave_2264",-12.5294585181455
"Wave_2265",-12.5064124389398
"Wave_2266",-12.6083035332032
"Wave_2267",-12.8055627960158
"Wave_2268",-12.9189892571798
"Wave_2269",-13.8148407087537
"Wave_2270",-14.3516174708679
"Wave_2271",-14.8584076741768
"Wave_2272",-14.9703400452195
"Wave_2273",-14.7280655923522
"Wave_2274",-14.4913171746889
"Wave_2275",-14.6126654200805
"Wave_2276",-14.0069819156914
"Wave_2277",-13.5583718391354
"Wave_2278",-13.4209636748735
"Wave_2279",-12.9088495350128
"Wave_2280",-12.0982269228602
"Wave_2281",-11.5766295318852
"Wave_2282",-11.0480818880854
"Wave_2283",-10.7222512242993
"Wave_2284",-10.5530485217481
"Wave_2285",-10.4242518946467
"Wave_2286",-10.4061897607491
"Wave_2287",-10.6381678259278
"Wave_2288",-10.5633516993585
"Wave_2289",-10.5648601246173
"Wave_2290",-10.5501693514855
"Wave_2291",-10.4407852512048
"Wave_2292",-10.5866231000401
"Wave_2293",-10.9660989285924
"Wave_2294",-10.8005723737871
"Wave_2295",-11.0530481811098
"Wave_2296",-10.8062762700421
"Wave_2297",-11.0674198167812
"Wave_2298",-11.1355221498291
"Wave_2299",-11.3320705783238
"Wave_2300",-11.801003497662
"Wave_2301",-12.3061603213362
"Wave_2302",-12.2747730132421
"Wave_2303",-12.2392765356475
"Wave_2304",-12.0033694376471
"Wave_2305",-12.101781864307
"Wave_2306",-11.7648112561604
"Wave_2307",-12.0654573735533
"Wave_2308",-12.6753160798881
"Wave_2309",-12.8713929244633
"Wave_2310",-12.2311624062984
"Wave_2311",-12.002391505612
"Wave_2312",-11.4455073064299
"Wave_2313",-11.2336861091217
"Wave_2314",-10.8435130469688
"Wave_2315",-10.7026856024038
"Wave_2316",-10.2025179764914
"Wave_2317",-10.4149633688894
"Wave_2318",-9.26527675086862
"Wave_2319",-9.21658373336869
"Wave_2320",-9.09505164128204
"Wave_2321",-9.03326742016734
"Wave_2322",-8.85379674122631
"Wave_2323",-8.76554645198412
"Wave_2324",-8.51622880913464
"Wave_2325",-8.13712733914093
"Wave_2326",-8.06504314075175
"Wave_2327",-7.777386796186
"Wave_2328",-7.45097605892409
"Wave_2329",-7.71223573560267
"Wave_2330",-7.66843620087649
"Wave_2331",-7.34284434665742
"Wave_2332",-7.19482814116854
"Wave_2333",-6.96830441629584
"Wave_2334",-6.45054394349249
"Wave_2335",-6.81943529701365
"Wave_2336",-6.53747217187942
"Wave_2337",-6.98423117607463
"Wave_2338",-7.2639530225814
"Wave_2339",-7.57012481701533
"Wave_2340",-7.97916963926752
"Wave_2341",-8.53697881829977
"Wave_2342",-8.28962794971283
"Wave_2343",-8.06472864233224
"Wave_2344",-7.80331855716546
"Wave_2345",-7.53684702267782
"Wave_2346",-7.23608205825343
"Wave_2347",-7.42010063989828
"Wave_2348",-6.92947592022859
"Wave_2349",-7.1105843339441
"Wave_2350",-7.1684879944782
"Wave_2351",-7.16129470491689
"Wave_2352",-7.15533933171537
"Wave_2353",-7.46596443781717
"Wave_2354",-7.03377982872765
"Wave_2355",-6.8650895700286
"Wave_2356",-7.02558441550147
"Wave_2357",-7.3988491845625
"Wave_2358",-8.10014585524653
"Wave_2359",-8.58136481131679
"Wave_2360",-8.6626926041233
"Wave_2361",-8.95896676828772
"Wave_2362",-9.02701696132028
"Wave_2363",-9.34623812038625
"Wave_2364",-9.79102826077139
"Wave_2365",-10.374031047115
"Wave_2366",-10.8075238855299
"Wave_2367",-11.2237205921679
"Wave_2368",-11.5002174536782
"Wave_2369",-11.7702159541125
"Wave_2370",-12.0321198650523
"Wave_2371",-11.9479276754675
"Wave_2372",-12.0539784761839
"Wave_2373",-12.2037731456123
"Wave_2374",-12.1602710871364
"Wave_2375",-12.3702571551296
"Wave_2376",-12.2805577179559
"Wave_2377",-12.0367676321025
"Wave_2378",-11.5892364379899
"Wave_2379",-11.4033198655183
"Wave_2380",-10.9314572748099
"Wave_2381",-9.92304140350291
"Wave_2382",-9.1053684099593
"Wave_2383",-8.51333898494328
"Wave_2384",-7.72197503521943
"Wave_2385",-7.31494068657734
"Wave_2386",-7.24226069572022
"Wave_2387",-7.16655687014344
"Wave_2388",-6.49093915211561
"Wave_2389",-5.72174402768771
"Wave_2390",-5.01562497430174
"Wave_2391",-4.67555490622414
"Wave_2392",-4.70847019308838
"Wave_2393",-5.03686428411289
"Wave_2394",-5.31334175161694
"Wave_2395",-5.200291568413
"Wave_2396",-4.38919794373864
"Wave_2397",-3.71417514006579
"Wave_2398",-3.72309153736699
"Wave_2399",-3.68901254212628
"Wave_2400",-3.7570093258579
