"","sqrt_LMA_gDW_m2.10.comps"
"(Intercept)",7.87605817247467
"Wave_500",0.873431485763988
"Wave_501",0.831842016925848
"Wave_502",0.773113506882928
"Wave_503",0.750630389426053
"Wave_504",0.721123461118099
"Wave_505",0.694924623663731
"Wave_506",0.67827641800593
"Wave_507",0.676003629066704
"Wave_508",0.663074583052104
"Wave_509",0.650366918085979
"Wave_510",0.640414890259854
"Wave_511",0.632110195384935
"Wave_512",0.628580755412657
"Wave_513",0.625120439637639
"Wave_514",0.614916787173215
"Wave_515",0.603688519764395
"Wave_516",0.59410613770428
"Wave_517",0.587993751362462
"Wave_518",0.569346026131537
"Wave_519",0.538870645454518
"Wave_520",0.510828017719409
"Wave_521",0.484655334825025
"Wave_522",0.457406524773996
"Wave_523",0.418895577174173
"Wave_524",0.378339182974073
"Wave_525",0.315907413171674
"Wave_526",0.251703977105757
"Wave_527",0.195622139926046
"Wave_528",0.123217691520842
"Wave_529",0.0575414885878489
"Wave_530",0.0191444129492843
"Wave_531",-0.0107974933052197
"Wave_532",-0.0502890881864838
"Wave_533",-0.0943994736167109
"Wave_534",-0.133442473181925
"Wave_535",-0.149930817237551
"Wave_536",-0.161169179982335
"Wave_537",-0.169141145779964
"Wave_538",-0.177495397738576
"Wave_539",-0.187052211550292
"Wave_540",-0.190606136000688
"Wave_541",-0.194103455192045
"Wave_542",-0.188199494386267
"Wave_543",-0.181998060750192
"Wave_544",-0.176602777581234
"Wave_545",-0.17495530325055
"Wave_546",-0.182042834172293
"Wave_547",-0.193932152787706
"Wave_548",-0.203035767263637
"Wave_549",-0.20651317549475
"Wave_550",-0.226745532492833
"Wave_551",-0.24549302115694
"Wave_552",-0.262934567698926
"Wave_553",-0.281846625631819
"Wave_554",-0.297821013193684
"Wave_555",-0.306270198600166
"Wave_556",-0.321975821107811
"Wave_557",-0.340263604796127
"Wave_558",-0.353777300495315
"Wave_559",-0.373029878430698
"Wave_560",-0.392995323639485
"Wave_561",-0.408288802632659
"Wave_562",-0.416168962411681
"Wave_563",-0.422661689851045
"Wave_564",-0.418234542144513
"Wave_565",-0.405347289608202
"Wave_566",-0.403175754247317
"Wave_567",-0.403256524402785
"Wave_568",-0.388011120338295
"Wave_569",-0.362985756963258
"Wave_570",-0.35875145611639
"Wave_571",-0.338017550012558
"Wave_572",-0.311351916829416
"Wave_573",-0.287372848098283
"Wave_574",-0.278061110027058
"Wave_575",-0.26020497349525
"Wave_576",-0.229568286390611
"Wave_577",-0.208881344068817
"Wave_578",-0.198098366205662
"Wave_579",-0.173283548966424
"Wave_580",-0.147372835143751
"Wave_581",-0.133069428378251
"Wave_582",-0.112462551964855
"Wave_583",-0.0922290669398476
"Wave_584",-0.0696341100675018
"Wave_585",-0.0461218518282803
"Wave_586",-0.0271551994519472
"Wave_587",-0.00558221183843837
"Wave_588",0.0135120024305993
"Wave_589",0.0293852366973946
"Wave_590",0.0503551411158966
"Wave_591",0.0679232893678162
"Wave_592",0.0923417690902738
"Wave_593",0.11718332818662
"Wave_594",0.135105516076066
"Wave_595",0.154065780455346
"Wave_596",0.17146011069644
"Wave_597",0.186678755715802
"Wave_598",0.201323036686389
"Wave_599",0.207913377076561
"Wave_600",0.21569414178133
"Wave_601",0.223890299468404
"Wave_602",0.229465343997504
"Wave_603",0.223931081612704
"Wave_604",0.213943583024863
"Wave_605",0.204224619931781
"Wave_606",0.192423710649705
"Wave_607",0.180530543015385
"Wave_608",0.169635157533881
"Wave_609",0.156412554560928
"Wave_610",0.141742893388616
"Wave_611",0.125347139230756
"Wave_612",0.11021325685798
"Wave_613",0.0978651072542554
"Wave_614",0.0895848264248684
"Wave_615",0.0814690983731209
"Wave_616",0.0803915351405106
"Wave_617",0.0816822257359265
"Wave_618",0.0879196078046656
"Wave_619",0.0944553279444057
"Wave_620",0.0990867308639981
"Wave_621",0.104301947883853
"Wave_622",0.117987397607324
"Wave_623",0.124980327315432
"Wave_624",0.130871721344935
"Wave_625",0.139534456667857
"Wave_626",0.144353438948458
"Wave_627",0.147224737482465
"Wave_628",0.142268884953739
"Wave_629",0.129834263467399
"Wave_630",0.114332889015964
"Wave_631",0.0970258660768052
"Wave_632",0.0954332011425314
"Wave_633",0.104621619217581
"Wave_634",0.112677654453903
"Wave_635",0.126236200192615
"Wave_636",0.144197485455808
"Wave_637",0.166433340969212
"Wave_638",0.200225849517987
"Wave_639",0.24077602301785
"Wave_640",0.280948045692586
"Wave_641",0.325133295226188
"Wave_642",0.364666994134169
"Wave_643",0.395697451588374
"Wave_644",0.437796115869169
"Wave_645",0.482121535020381
"Wave_646",0.517006983409705
"Wave_647",0.542915852156425
"Wave_648",0.577451730971741
"Wave_649",0.591481083508447
"Wave_650",0.59495195662605
"Wave_651",0.586938983949119
"Wave_652",0.570965943936817
"Wave_653",0.551410727729209
"Wave_654",0.52213560327469
"Wave_655",0.484409533506554
"Wave_656",0.440417225960755
"Wave_657",0.400890565066797
"Wave_658",0.362575403960877
"Wave_659",0.312477900728036
"Wave_660",0.27748458032653
"Wave_661",0.242094013804874
"Wave_662",0.204732013424301
"Wave_663",0.178969409190358
"Wave_664",0.159212932082248
"Wave_665",0.144134565235221
"Wave_666",0.130347820228255
"Wave_667",0.11898766769596
"Wave_668",0.108345687805973
"Wave_669",0.0989218752572706
"Wave_670",0.0919497147589833
"Wave_671",0.0798526409197747
"Wave_672",0.0664980221308769
"Wave_673",0.0540070316533474
"Wave_674",0.0350230198730994
"Wave_675",0.0179258688784959
"Wave_676",-0.00288199488980214
"Wave_677",-0.0326818698794751
"Wave_678",-0.0601581318283304
"Wave_679",-0.0871553753501438
"Wave_680",-0.113131036412317
"Wave_681",-0.140386737369184
"Wave_682",-0.171690966196645
"Wave_683",-0.194760702710937
"Wave_684",-0.212147586395075
"Wave_685",-0.230850257013072
"Wave_686",-0.245957024829143
"Wave_687",-0.232820959804718
"Wave_688",-0.2240389096255
"Wave_689",-0.232898919561184
"Wave_690",-0.202527816456387
"Wave_691",-0.161232570935574
"Wave_692",-0.14759902686563
"Wave_693",-0.131241448054903
"Wave_694",-0.101429438524946
"Wave_695",-0.109418291907888
"Wave_696",-0.117078732841562
"Wave_697",-0.12495363567866
"Wave_698",-0.127025580528181
"Wave_699",-0.17876264181294
"Wave_700",-0.222218780207729
"Wave_701",-0.241340123173137
"Wave_702",-0.277964864312668
"Wave_703",-0.308378672150154
"Wave_704",-0.289658057676716
"Wave_705",-0.216507437389454
"Wave_706",-0.22996275575875
"Wave_707",-0.221401351583944
"Wave_708",-0.163701184524223
"Wave_709",-0.060747197481808
"Wave_710",-0.0518947495639207
"Wave_711",-0.0220460878317365
"Wave_712",0.0353825205206057
"Wave_713",0.0983834771394228
"Wave_714",0.137591850345084
"Wave_715",0.185233348553823
"Wave_716",0.206372637964724
"Wave_717",0.245507726081154
"Wave_718",0.285373368479363
"Wave_719",0.268494922523672
"Wave_720",0.261957998808761
"Wave_721",0.270004902783701
"Wave_722",0.290733301014362
"Wave_723",0.257306899935154
"Wave_724",0.221385661866379
"Wave_725",0.177565786725399
"Wave_726",0.170114019329978
"Wave_727",0.173943183805113
"Wave_728",0.148728042649982
"Wave_729",0.103551783854312
"Wave_730",0.0755579833466523
"Wave_731",0.0333534046477632
"Wave_732",0.000672259980108891
"Wave_733",-0.0278057484414537
"Wave_734",-0.040945017647958
"Wave_735",-0.0774837762208525
"Wave_736",-0.0970647206910492
"Wave_737",-0.120736645105796
"Wave_738",-0.127635225491694
"Wave_739",-0.137834445292835
"Wave_740",-0.141268974408476
"Wave_741",-0.145231452570951
"Wave_742",-0.142275262607496
"Wave_743",-0.165694623472651
"Wave_744",-0.16872479730486
"Wave_745",-0.146737357528421
"Wave_746",-0.132483412166625
"Wave_747",-0.129470204731279
"Wave_748",-0.129291487723775
"Wave_749",-0.122999660083534
"Wave_750",-0.121298084991082
"Wave_751",-0.113891980473032
"Wave_752",-0.114277318498287
"Wave_753",-0.118660499234273
"Wave_754",-0.128461618808678
"Wave_755",-0.134067830135735
"Wave_756",-0.133183179847197
"Wave_757",-0.127211926114597
"Wave_758",-0.120811883781608
"Wave_759",-0.110157804559965
"Wave_760",-0.0945529131479608
"Wave_761",-0.0889706655906135
"Wave_762",-0.0817303624530342
"Wave_763",-0.0797535046567289
"Wave_764",-0.0808466196565463
"Wave_765",-0.0832825475464731
"Wave_766",-0.0921352388631679
"Wave_767",-0.0998163694634632
"Wave_768",-0.088537337912268
"Wave_769",-0.08698642031184
"Wave_770",-0.0829672783760162
"Wave_771",-0.0804389239181515
"Wave_772",-0.0781150136417875
"Wave_773",-0.0755402365454278
"Wave_774",-0.0753957306199024
"Wave_775",-0.064259206210495
"Wave_776",-0.0680074377162622
"Wave_777",-0.0603213772551524
"Wave_778",-0.0506680507656728
"Wave_779",-0.0564053398075054
"Wave_780",-0.0669395568136956
"Wave_781",-0.0679301374833137
"Wave_782",-0.0719453672368729
"Wave_783",-0.0776814679070341
"Wave_784",-0.075528093186011
"Wave_785",-0.0731511046947143
"Wave_786",-0.0787642285927266
"Wave_787",-0.0783765685692572
"Wave_788",-0.0747145403759302
"Wave_789",-0.0775731993696174
"Wave_790",-0.0803699734129894
"Wave_791",-0.0800883870271119
"Wave_792",-0.0818424370132437
"Wave_793",-0.0856440655839125
"Wave_794",-0.0864577817685662
"Wave_795",-0.0864901735984375
"Wave_796",-0.0848826519299004
"Wave_797",-0.0875238927457654
"Wave_798",-0.0954933281095267
"Wave_799",-0.0969955646926722
"Wave_800",-0.105939464593399
"Wave_801",-0.105154905538934
"Wave_802",-0.10033383084249
"Wave_803",-0.10500153053107
"Wave_804",-0.0992366934683941
"Wave_805",-0.101643559351949
"Wave_806",-0.104598431579536
"Wave_807",-0.102959844392808
"Wave_808",-0.106618307901275
"Wave_809",-0.107458410193697
"Wave_810",-0.0969741819464074
"Wave_811",-0.0896635337329576
"Wave_812",-0.091125387927003
"Wave_813",-0.0853205138621507
"Wave_814",-0.086652399531804
"Wave_815",-0.088097305472721
"Wave_816",-0.0776176473723884
"Wave_817",-0.0860608975148491
"Wave_818",-0.0924564470855456
"Wave_819",-0.0876488309576375
"Wave_820",-0.0902152247267197
"Wave_821",-0.0933197294564436
"Wave_822",-0.0935008025952864
"Wave_823",-0.0809137460245243
"Wave_824",-0.079943706654747
"Wave_825",-0.0895147471033374
"Wave_826",-0.0907885933462818
"Wave_827",-0.0930531629751464
"Wave_828",-0.105099370179242
"Wave_829",-0.099137323281854
"Wave_830",-0.0834039301700907
"Wave_831",-0.0822236792735943
"Wave_832",-0.0831107711994265
"Wave_833",-0.0895903596512782
"Wave_834",-0.0904635016639149
"Wave_835",-0.091166913766606
"Wave_836",-0.0949737877680927
"Wave_837",-0.0906752775419312
"Wave_838",-0.0945296640066531
"Wave_839",-0.0837639695534214
"Wave_840",-0.0789994737959641
"Wave_841",-0.0828875514949511
"Wave_842",-0.0823427924212807
"Wave_843",-0.0834186839960979
"Wave_844",-0.0840979135823008
"Wave_845",-0.0602835372650827
"Wave_846",-0.0572655568445194
"Wave_847",-0.0614835824461768
"Wave_848",-0.062075341476178
"Wave_849",-0.0564937778106832
"Wave_850",-0.0623802724916467
"Wave_851",-0.0582582558148006
"Wave_852",-0.0526827089961604
"Wave_853",-0.0446947293249602
"Wave_854",-0.0289570531598021
"Wave_855",-0.0205027643382237
"Wave_856",-0.0210531516204953
"Wave_857",-0.0171562003237898
"Wave_858",-0.0207060619929378
"Wave_859",-0.023837591553374
"Wave_860",-0.00601655976336638
"Wave_861",-0.0106874719210446
"Wave_862",-0.0211729012602651
"Wave_863",-0.0100114812501759
"Wave_864",9.70655872150131e-06
"Wave_865",-0.0146560826233911
"Wave_866",0.00646091452557458
"Wave_867",0.00294975000861291
"Wave_868",0.00841900344189395
"Wave_869",0.0241083034483115
"Wave_870",0.0156166557458945
"Wave_871",0.0173109229036539
"Wave_872",0.0102987818460166
"Wave_873",0.00907048849296007
"Wave_874",0.0155278492117154
"Wave_875",0.0224105542978274
"Wave_876",0.03743207782434
"Wave_877",0.0321295535286969
"Wave_878",0.0422744168000346
"Wave_879",0.0432595056620298
"Wave_880",0.0432681382911959
"Wave_881",0.0433716716411195
"Wave_882",0.0463482527613454
"Wave_883",0.0450337248173088
"Wave_884",0.0351335012170559
"Wave_885",0.0266848480427722
"Wave_886",0.0374319606778548
"Wave_887",0.0372687113989556
"Wave_888",0.0265664182463989
"Wave_889",0.0467946515948619
"Wave_890",0.049403762365809
"Wave_891",0.0448039009862936
"Wave_892",0.0349402522919334
"Wave_893",0.0258516204217756
"Wave_894",0.0416996819939327
"Wave_895",0.0477255385658611
"Wave_896",0.0359472864065494
"Wave_897",0.0250480990127901
"Wave_898",0.036198672140214
"Wave_899",0.0362785562987401
"Wave_900",0.0275890585208214
"Wave_901",0.0185647918141686
"Wave_902",0.014784783557276
"Wave_903",0.0155275382780778
"Wave_904",-0.00163426423558793
"Wave_905",-0.0122839365833729
"Wave_906",-0.00825011521918621
"Wave_907",0.00170577478587201
"Wave_908",-0.0101148175351794
"Wave_909",-0.0139320419795022
"Wave_910",-0.0395677321606182
"Wave_911",-0.0346034710135612
"Wave_912",-0.0113088107466683
"Wave_913",-0.00626829750774315
"Wave_914",-0.00185051371361744
"Wave_915",-0.0274596709964484
"Wave_916",-0.0260810080410123
"Wave_917",-0.00639242788065061
"Wave_918",-0.0100266923951447
"Wave_919",-0.00206335527701483
"Wave_920",-0.00829530217281724
"Wave_921",-0.00988634315947344
"Wave_922",-0.00832588265015719
"Wave_923",-0.00850061415806207
"Wave_924",-0.0110771785250961
"Wave_925",-0.005686352242694
"Wave_926",8.1492940438882e-05
"Wave_927",-0.00441551506105674
"Wave_928",0.00466356965685238
"Wave_929",0.00519578651122622
"Wave_930",-0.0141737728647361
"Wave_931",-0.0163232518638713
"Wave_932",0.0110920248701803
"Wave_933",0.0224577762155059
"Wave_934",0.0202872111778073
"Wave_935",0.00621135879119789
"Wave_936",0.00680790780387888
"Wave_937",0.0277348214389373
"Wave_938",0.0267224239087897
"Wave_939",0.0336983026872625
"Wave_940",0.0232658460313798
"Wave_941",0.0191772725051758
"Wave_942",0.0272424963708263
"Wave_943",0.0338631985099146
"Wave_944",0.0300593265216649
"Wave_945",0.0181768036740665
"Wave_946",0.0273713248952442
"Wave_947",0.0322311031561153
"Wave_948",0.0364946756295411
"Wave_949",0.0148736039798349
"Wave_950",0.0174219883764594
"Wave_951",-0.0075230233499128
"Wave_952",-0.00552330624532227
"Wave_953",-0.00254594018465826
"Wave_954",0.00119684115770276
"Wave_955",-0.00269434983497634
"Wave_956",-0.00548923143815495
"Wave_957",-0.0231102124450724
"Wave_958",-0.0456895273087827
"Wave_959",-0.0755864977790111
"Wave_960",-0.0780350446697164
"Wave_961",-0.128329643454156
"Wave_962",-0.144540058619911
"Wave_963",-0.200048025582105
"Wave_964",-0.210273277255441
"Wave_965",-0.233901269286871
"Wave_966",-0.241191518792602
"Wave_967",-0.297156437633386
"Wave_968",-0.324680866558755
"Wave_969",-0.293840756297271
"Wave_970",-0.334131304682139
"Wave_971",-0.3840163566851
"Wave_972",-0.376530384714905
"Wave_973",-0.363709398414231
"Wave_974",-0.352154663375538
"Wave_975",-0.333407989895244
"Wave_976",-0.351631439296359
"Wave_977",-0.316610824025415
"Wave_978",-0.250437015903187
"Wave_979",-0.274466217080309
"Wave_980",-0.260765281528749
"Wave_981",-0.236261922468936
"Wave_982",-0.21026988269321
"Wave_983",-0.194840940459042
"Wave_984",-0.161652248033202
"Wave_985",-0.143216199542997
"Wave_986",-0.0876824295383111
"Wave_987",-0.0987155576075422
"Wave_988",-0.0921803870394865
"Wave_989",-0.0118722090731428
"Wave_990",0.01489059871835
"Wave_991",0.0203202160558996
"Wave_992",0.0372952634598594
"Wave_993",0.0782437118160124
"Wave_994",0.101447370741615
"Wave_995",0.118595824942124
"Wave_996",0.0864316334518675
"Wave_997",0.0455590173625557
"Wave_998",0.0177326295496284
"Wave_999",-0.0194880836355349
"Wave_1000",-0.0395747404311615
"Wave_1001",-0.271660764455613
"Wave_1002",-0.29411093037296
"Wave_1003",-0.29879673977179
"Wave_1004",-0.299932173236061
"Wave_1005",-0.29553294974641
"Wave_1006",-0.288353717919651
"Wave_1007",-0.288267059307647
"Wave_1008",-0.295640076257985
"Wave_1009",-0.295020335817315
"Wave_1010",-0.294185726124268
"Wave_1011",-0.295769284744808
"Wave_1012",-0.290405248262576
"Wave_1013",-0.285231152745363
"Wave_1014",-0.275480926790666
"Wave_1015",-0.261697985311983
"Wave_1016",-0.253519263542697
"Wave_1017",-0.24543575831103
"Wave_1018",-0.236817911166813
"Wave_1019",-0.228954829670018
"Wave_1020",-0.224610344526217
"Wave_1021",-0.214043975492634
"Wave_1022",-0.203174636655087
"Wave_1023",-0.189213317795941
"Wave_1024",-0.175335313786533
"Wave_1025",-0.165885619134382
"Wave_1026",-0.153711714582776
"Wave_1027",-0.140248233924019
"Wave_1028",-0.129024478479666
"Wave_1029",-0.112732858279447
"Wave_1030",-0.102375615998432
"Wave_1031",-0.0946785586262815
"Wave_1032",-0.0864855601066586
"Wave_1033",-0.072292350618442
"Wave_1034",-0.0600483063934305
"Wave_1035",-0.0420531139355856
"Wave_1036",-0.0185555774134907
"Wave_1037",-0.01049304911791
"Wave_1038",-0.00370293834924532
"Wave_1039",0.0032755238746094
"Wave_1040",0.0110218810506411
"Wave_1041",0.0266729911574235
"Wave_1042",0.0378728477914272
"Wave_1043",0.0487537809323676
"Wave_1044",0.0578614338761004
"Wave_1045",0.0606097953090732
"Wave_1046",0.0643200901958511
"Wave_1047",0.0712600430589001
"Wave_1048",0.0746506393471166
"Wave_1049",0.0812392023995367
"Wave_1050",0.0890503314616814
"Wave_1051",0.0940324284308733
"Wave_1052",0.102705620274972
"Wave_1053",0.117546322295857
"Wave_1054",0.127433910693613
"Wave_1055",0.132512420335412
"Wave_1056",0.138291954927603
"Wave_1057",0.141290088567312
"Wave_1058",0.138321285049722
"Wave_1059",0.138316845887769
"Wave_1060",0.146200075425201
"Wave_1061",0.150848071102601
"Wave_1062",0.15617625514198
"Wave_1063",0.164496810082307
"Wave_1064",0.174789042136684
"Wave_1065",0.178952056435314
"Wave_1066",0.185728243531089
"Wave_1067",0.197315151450748
"Wave_1068",0.203692999708942
"Wave_1069",0.214233880962991
"Wave_1070",0.226283609343092
"Wave_1071",0.23412006809416
"Wave_1072",0.247631466484784
"Wave_1073",0.260577435291082
"Wave_1074",0.270286851041336
"Wave_1075",0.283050039216331
"Wave_1076",0.292318080242467
"Wave_1077",0.301315211578512
"Wave_1078",0.311614833811384
"Wave_1079",0.32662181660036
"Wave_1080",0.338559468733714
"Wave_1081",0.349366385017865
"Wave_1082",0.357793007755914
"Wave_1083",0.372792820215874
"Wave_1084",0.384765669271878
"Wave_1085",0.393178094240452
"Wave_1086",0.406538098882748
"Wave_1087",0.416526673351232
"Wave_1088",0.422844532284697
"Wave_1089",0.437310940586527
"Wave_1090",0.446348499845687
"Wave_1091",0.462231579892744
"Wave_1092",0.470384552621676
"Wave_1093",0.482361580440596
"Wave_1094",0.493539369207853
"Wave_1095",0.502963379100896
"Wave_1096",0.512332923197353
"Wave_1097",0.523947900326726
"Wave_1098",0.535896020661664
"Wave_1099",0.548484711851158
"Wave_1100",0.559516118145997
"Wave_1101",0.568217777737271
"Wave_1102",0.580496619767064
"Wave_1103",0.590061935436967
"Wave_1104",0.592850116745983
"Wave_1105",0.597433642601497
"Wave_1106",0.601364754120615
"Wave_1107",0.604280218151012
"Wave_1108",0.608022264254451
"Wave_1109",0.614579784801985
"Wave_1110",0.61712711917338
"Wave_1111",0.617216465669432
"Wave_1112",0.617276105358693
"Wave_1113",0.621110783934362
"Wave_1114",0.621009382770177
"Wave_1115",0.618021621573542
"Wave_1116",0.616367524273718
"Wave_1117",0.617215384175918
"Wave_1118",0.611725553073335
"Wave_1119",0.603587002237481
"Wave_1120",0.593444722367273
"Wave_1121",0.583592774390966
"Wave_1122",0.568636319301613
"Wave_1123",0.545728063363926
"Wave_1124",0.529211775345699
"Wave_1125",0.511128501272667
"Wave_1126",0.483436410167543
"Wave_1127",0.451032342280052
"Wave_1128",0.426344143447934
"Wave_1129",0.398244727406429
"Wave_1130",0.361221551424686
"Wave_1131",0.318057906325669
"Wave_1132",0.289529953607721
"Wave_1133",0.252872536993565
"Wave_1134",0.217691450050011
"Wave_1135",0.178391053236651
"Wave_1136",0.147539460572809
"Wave_1137",0.118273967709348
"Wave_1138",0.0843562692877132
"Wave_1139",0.0465871616204921
"Wave_1140",0.012714868783203
"Wave_1141",-0.0223398250563133
"Wave_1142",-0.0557218360428242
"Wave_1143",-0.0978152757981559
"Wave_1144",-0.134370802155733
"Wave_1145",-0.166678132309586
"Wave_1146",-0.199064140840405
"Wave_1147",-0.241813080342258
"Wave_1148",-0.277795552250327
"Wave_1149",-0.310328085930114
"Wave_1150",-0.340995769925472
"Wave_1151",-0.384115748420076
"Wave_1152",-0.424456577785009
"Wave_1153",-0.455910226200188
"Wave_1154",-0.488198875194141
"Wave_1155",-0.529237794792779
"Wave_1156",-0.55693553639857
"Wave_1157",-0.579000520524882
"Wave_1158",-0.601519100811096
"Wave_1159",-0.624824387103732
"Wave_1160",-0.643496044948233
"Wave_1161",-0.657396038683901
"Wave_1162",-0.672664833201134
"Wave_1163",-0.68710116711948
"Wave_1164",-0.696659575756938
"Wave_1165",-0.7020979851007
"Wave_1166",-0.710212217331666
"Wave_1167",-0.717298802019216
"Wave_1168",-0.72612423664046
"Wave_1169",-0.732589786534765
"Wave_1170",-0.74228986381482
"Wave_1171",-0.748833726155354
"Wave_1172",-0.757667077979968
"Wave_1173",-0.766529947455703
"Wave_1174",-0.77664967938101
"Wave_1175",-0.787247896561666
"Wave_1176",-0.792615982793769
"Wave_1177",-0.80568891590488
"Wave_1178",-0.81821101951936
"Wave_1179",-0.835759498896094
"Wave_1180",-0.851536432814995
"Wave_1181",-0.864710394871454
"Wave_1182",-0.877468438236704
"Wave_1183",-0.890840653100165
"Wave_1184",-0.904040757767453
"Wave_1185",-0.91982698393341
"Wave_1186",-0.932337399814754
"Wave_1187",-0.942314511283566
"Wave_1188",-0.951115394161652
"Wave_1189",-0.963579383784128
"Wave_1190",-0.975402089351478
"Wave_1191",-0.987638061785264
"Wave_1192",-0.997961152388138
"Wave_1193",-1.00997260378913
"Wave_1194",-1.01855541457788
"Wave_1195",-1.02401571860021
"Wave_1196",-1.03004136751551
"Wave_1197",-1.03789638544463
"Wave_1198",-1.04125484124026
"Wave_1199",-1.04163607650623
"Wave_1200",-1.04525812968632
"Wave_1201",-1.04838456208313
"Wave_1202",-1.04519074953453
"Wave_1203",-1.04048837685168
"Wave_1204",-1.03634417078256
"Wave_1205",-1.02816402406478
"Wave_1206",-1.01868829455937
"Wave_1207",-1.00892075198678
"Wave_1208",-0.994503805389421
"Wave_1209",-0.972637093706867
"Wave_1210",-0.949134878777185
"Wave_1211",-0.922669458943105
"Wave_1212",-0.892117033598332
"Wave_1213",-0.858124244180911
"Wave_1214",-0.821911770740257
"Wave_1215",-0.7816825296736
"Wave_1216",-0.739914203499883
"Wave_1217",-0.700377555824224
"Wave_1218",-0.657017133652081
"Wave_1219",-0.606061166110662
"Wave_1220",-0.553776421835853
"Wave_1221",-0.49972354477967
"Wave_1222",-0.445854767672805
"Wave_1223",-0.391673087994498
"Wave_1224",-0.33828576410161
"Wave_1225",-0.286270691755492
"Wave_1226",-0.233293379986056
"Wave_1227",-0.180680145934563
"Wave_1228",-0.132179876030044
"Wave_1229",-0.0841913737242564
"Wave_1230",-0.0333392670416867
"Wave_1231",0.0139826068447186
"Wave_1232",0.05871712925808
"Wave_1233",0.101901219992248
"Wave_1234",0.143063715195796
"Wave_1235",0.182118324649305
"Wave_1236",0.220621579208787
"Wave_1237",0.256787858632828
"Wave_1238",0.290132550084011
"Wave_1239",0.321741775040698
"Wave_1240",0.35182875895516
"Wave_1241",0.382278518142635
"Wave_1242",0.412898454828625
"Wave_1243",0.442702479702798
"Wave_1244",0.471882607948208
"Wave_1245",0.498292085130155
"Wave_1246",0.52627209965099
"Wave_1247",0.555253178986661
"Wave_1248",0.583783947307209
"Wave_1249",0.612573192314128
"Wave_1250",0.637628070058593
"Wave_1251",0.659421894029375
"Wave_1252",0.682879297013388
"Wave_1253",0.707115450340903
"Wave_1254",0.727872573460988
"Wave_1255",0.748670754603603
"Wave_1256",0.772487171204935
"Wave_1257",0.794798953023345
"Wave_1258",0.814399164047159
"Wave_1259",0.832034394333371
"Wave_1260",0.851401211276928
"Wave_1261",0.870876703154356
"Wave_1262",0.88711314272415
"Wave_1263",0.901623895088503
"Wave_1264",0.92079805826114
"Wave_1265",0.937240879222129
"Wave_1266",0.951236826954774
"Wave_1267",0.965753030885293
"Wave_1268",0.981781233715623
"Wave_1269",0.995130485528269
"Wave_1270",1.0027011357463
"Wave_1271",1.01449516899974
"Wave_1272",1.02836562442415
"Wave_1273",1.03891385187098
"Wave_1274",1.04813862522968
"Wave_1275",1.05946118656118
"Wave_1276",1.07707355084706
"Wave_1277",1.08555735366941
"Wave_1278",1.09275084228406
"Wave_1279",1.10279444249589
"Wave_1280",1.10956769302623
"Wave_1281",1.11339715382415
"Wave_1282",1.12141134481923
"Wave_1283",1.1315564270781
"Wave_1284",1.13961389579431
"Wave_1285",1.14810127847269
"Wave_1286",1.15686033295776
"Wave_1287",1.17055482253085
"Wave_1288",1.1793051847359
"Wave_1289",1.18670925747585
"Wave_1290",1.19031595596575
"Wave_1291",1.19590901965015
"Wave_1292",1.19987484521366
"Wave_1293",1.19814950412431
"Wave_1294",1.20767678580185
"Wave_1295",1.20744573064386
"Wave_1296",1.21023221590796
"Wave_1297",1.21014062906458
"Wave_1298",1.21708828513039
"Wave_1299",1.22398202654561
"Wave_1300",1.22653501794323
"Wave_1301",1.23101607197495
"Wave_1302",1.23437942304688
"Wave_1303",1.2334708622719
"Wave_1304",1.22901537801571
"Wave_1305",1.22209635389997
"Wave_1306",1.21713851967509
"Wave_1307",1.20895568536318
"Wave_1308",1.19874943528031
"Wave_1309",1.19465899873757
"Wave_1310",1.18523373623275
"Wave_1311",1.17101619359547
"Wave_1312",1.15158102108623
"Wave_1313",1.13608808249173
"Wave_1314",1.12243521979965
"Wave_1315",1.10501785888639
"Wave_1316",1.09208637231571
"Wave_1317",1.0805777827635
"Wave_1318",1.06704192619375
"Wave_1319",1.04694778179392
"Wave_1320",1.02773219046786
"Wave_1321",1.00422909760368
"Wave_1322",0.978825704110929
"Wave_1323",0.951750481511303
"Wave_1324",0.933777480420006
"Wave_1325",0.909637432636982
"Wave_1326",0.889346502009392
"Wave_1327",0.862041899573423
"Wave_1328",0.834020998559296
"Wave_1329",0.803562527595763
"Wave_1330",0.774425140498218
"Wave_1331",0.741811333963067
"Wave_1332",0.710385419884649
"Wave_1333",0.672475109540736
"Wave_1334",0.640093175383167
"Wave_1335",0.607821541126021
"Wave_1336",0.575296988443268
"Wave_1337",0.544461684019004
"Wave_1338",0.515989590516641
"Wave_1339",0.478780832720789
"Wave_1340",0.4450207500066
"Wave_1341",0.409780557845035
"Wave_1342",0.373643124629052
"Wave_1343",0.33111722114044
"Wave_1344",0.291747723305502
"Wave_1345",0.254346154776949
"Wave_1346",0.216159925572902
"Wave_1347",0.180129519654819
"Wave_1348",0.145677134984778
"Wave_1349",0.115081975301683
"Wave_1350",0.0801556230982867
"Wave_1351",0.0442501399704867
"Wave_1352",0.0136234409764483
"Wave_1353",-0.0166622158736306
"Wave_1354",-0.049935914630845
"Wave_1355",-0.0834808019317841
"Wave_1356",-0.116676395901881
"Wave_1357",-0.149537075058571
"Wave_1358",-0.17739179110233
"Wave_1359",-0.206082047639285
"Wave_1360",-0.232763991366931
"Wave_1361",-0.257697787069304
"Wave_1362",-0.280472894020029
"Wave_1363",-0.306154745102467
"Wave_1364",-0.332717750226741
"Wave_1365",-0.339421868301751
"Wave_1366",-0.350509858877716
"Wave_1367",-0.365941197078603
"Wave_1368",-0.383277207333176
"Wave_1369",-0.383215561357605
"Wave_1370",-0.398035182148479
"Wave_1371",-0.413046799242192
"Wave_1372",-0.420280707344551
"Wave_1373",-0.410626810024319
"Wave_1374",-0.414862697022978
"Wave_1375",-0.419105638368561
"Wave_1376",-0.399576190598485
"Wave_1377",-0.389834107508066
"Wave_1378",-0.387949132503468
"Wave_1379",-0.382115147209555
"Wave_1380",-0.355112950580909
"Wave_1381",-0.343073693277333
"Wave_1382",-0.33007797785402
"Wave_1383",-0.314426793278214
"Wave_1384",-0.290232283387048
"Wave_1385",-0.267881891736029
"Wave_1386",-0.244086826205155
"Wave_1387",-0.217281330288172
"Wave_1388",-0.193492331153037
"Wave_1389",-0.165606780367669
"Wave_1390",-0.130439660196418
"Wave_1391",-0.111154762931278
"Wave_1392",-0.106503527052243
"Wave_1393",-0.0928342457321376
"Wave_1394",-0.0741980715708759
"Wave_1395",-0.0818409714357114
"Wave_1396",-0.0769653470808521
"Wave_1397",-0.0595168546891966
"Wave_1398",-0.0530736798860201
"Wave_1399",-0.0560508115768156
"Wave_1400",-0.0489938751103919
"Wave_1401",-0.026009070207347
"Wave_1402",-0.0308734195480998
"Wave_1403",-0.0258357122683389
"Wave_1404",-0.019137086916859
"Wave_1405",-0.00926483249143885
"Wave_1406",-0.0277351821303269
"Wave_1407",-0.0208148103544246
"Wave_1408",-0.00921161103279329
"Wave_1409",0.000165453227224763
"Wave_1410",-0.000190182031077207
"Wave_1411",0.00893788314159569
"Wave_1412",0.0168796034764227
"Wave_1413",0.0126730758461634
"Wave_1414",0.0167828212401786
"Wave_1415",0.0233058262856938
"Wave_1416",0.0325960070161008
"Wave_1417",0.0284087155906835
"Wave_1418",0.0310587801532368
"Wave_1419",0.030661043697876
"Wave_1420",0.0308760220793936
"Wave_1421",0.0264850391989615
"Wave_1422",0.029890532492221
"Wave_1423",0.0329782692250422
"Wave_1424",0.0384797710393876
"Wave_1425",0.0459501539091911
"Wave_1426",0.0568414983241464
"Wave_1427",0.064687186646896
"Wave_1428",0.0682016757325253
"Wave_1429",0.0813712026573559
"Wave_1430",0.0957121422451303
"Wave_1431",0.107849162227236
"Wave_1432",0.120077520011773
"Wave_1433",0.13002017574197
"Wave_1434",0.138388977686899
"Wave_1435",0.145736102696349
"Wave_1436",0.158822891322851
"Wave_1437",0.174862658073528
"Wave_1438",0.189576300023601
"Wave_1439",0.203793532476391
"Wave_1440",0.222973131556408
"Wave_1441",0.240193669268495
"Wave_1442",0.254926567321879
"Wave_1443",0.270676299801417
"Wave_1444",0.288346888350748
"Wave_1445",0.30513647158455
"Wave_1446",0.320629945100361
"Wave_1447",0.337885507075159
"Wave_1448",0.353843759976928
"Wave_1449",0.370068017309545
"Wave_1450",0.386021341397844
"Wave_1451",0.403019682047786
"Wave_1452",0.419322433744524
"Wave_1453",0.434168304233836
"Wave_1454",0.448612889673429
"Wave_1455",0.464583690089219
"Wave_1456",0.479839248008244
"Wave_1457",0.49211355958084
"Wave_1458",0.506346660537994
"Wave_1459",0.520881751558393
"Wave_1460",0.53529653174116
"Wave_1461",0.547360925941444
"Wave_1462",0.563039847647646
"Wave_1463",0.580097794513553
"Wave_1464",0.596042419784265
"Wave_1465",0.606949030061255
"Wave_1466",0.620271979907546
"Wave_1467",0.631991553659581
"Wave_1468",0.642676496474242
"Wave_1469",0.651698597414417
"Wave_1470",0.662078439842119
"Wave_1471",0.67312056526895
"Wave_1472",0.682139941901391
"Wave_1473",0.690094473481013
"Wave_1474",0.697680767745037
"Wave_1475",0.704474930462986
"Wave_1476",0.710187341122124
"Wave_1477",0.714716035678561
"Wave_1478",0.721182668314132
"Wave_1479",0.727221127766932
"Wave_1480",0.731469937226932
"Wave_1481",0.735331226817981
"Wave_1482",0.74019740153158
"Wave_1483",0.744780868228521
"Wave_1484",0.750201758070579
"Wave_1485",0.753438561335011
"Wave_1486",0.755905493632492
"Wave_1487",0.75683278687245
"Wave_1488",0.759800174968022
"Wave_1489",0.761966329943658
"Wave_1490",0.765006543007333
"Wave_1491",0.766741133943226
"Wave_1492",0.769231017411143
"Wave_1493",0.770806760676521
"Wave_1494",0.77069021738197
"Wave_1495",0.768112847725761
"Wave_1496",0.766675317923297
"Wave_1497",0.765855065412471
"Wave_1498",0.762071925140199
"Wave_1499",0.755879219419383
"Wave_1500",0.750410480967998
"Wave_1501",0.745034730704845
"Wave_1502",0.739658565688848
"Wave_1503",0.737804665881421
"Wave_1504",0.73729340663011
"Wave_1505",0.73491839568904
"Wave_1506",0.726973821855999
"Wave_1507",0.718959033531725
"Wave_1508",0.712440374991887
"Wave_1509",0.703006241205628
"Wave_1510",0.690196104212882
"Wave_1511",0.679789846492539
"Wave_1512",0.671679428469657
"Wave_1513",0.663975325393082
"Wave_1514",0.657099688895238
"Wave_1515",0.650263723682818
"Wave_1516",0.641775465761069
"Wave_1517",0.624477114984977
"Wave_1518",0.60865683747376
"Wave_1519",0.591342416195458
"Wave_1520",0.574098691963925
"Wave_1521",0.559151458725613
"Wave_1522",0.544173331827413
"Wave_1523",0.530619823525252
"Wave_1524",0.513987224665601
"Wave_1525",0.496658313658544
"Wave_1526",0.479898794202945
"Wave_1527",0.461781535346921
"Wave_1528",0.442475596348778
"Wave_1529",0.423906604114318
"Wave_1530",0.403321921935257
"Wave_1531",0.381768823472693
"Wave_1532",0.357309121710334
"Wave_1533",0.335124219699402
"Wave_1534",0.313058292006447
"Wave_1535",0.288055520455427
"Wave_1536",0.263334189298512
"Wave_1537",0.239107540600525
"Wave_1538",0.213633241347191
"Wave_1539",0.186738152817668
"Wave_1540",0.160136543536935
"Wave_1541",0.134493711563585
"Wave_1542",0.110168003562638
"Wave_1543",0.0823961243149291
"Wave_1544",0.0556088941172523
"Wave_1545",0.028308228192928
"Wave_1546",-0.000408421796192091
"Wave_1547",-0.0286171138252407
"Wave_1548",-0.0537665797107213
"Wave_1549",-0.0782724980927277
"Wave_1550",-0.104174473462439
"Wave_1551",-0.128848996061064
"Wave_1552",-0.153174303371743
"Wave_1553",-0.177844295888675
"Wave_1554",-0.20591323798071
"Wave_1555",-0.232483517737109
"Wave_1556",-0.257295977802144
"Wave_1557",-0.279096987874629
"Wave_1558",-0.297806597274443
"Wave_1559",-0.318165131540572
"Wave_1560",-0.339448044194391
"Wave_1561",-0.36041500387573
"Wave_1562",-0.382593193703134
"Wave_1563",-0.40504270581351
"Wave_1564",-0.425636028702721
"Wave_1565",-0.449131279264359
"Wave_1566",-0.471293641094727
"Wave_1567",-0.492490109454235
"Wave_1568",-0.509722334919761
"Wave_1569",-0.522462901723944
"Wave_1570",-0.534979544077537
"Wave_1571",-0.547426071684001
"Wave_1572",-0.5629361098552
"Wave_1573",-0.57897260925782
"Wave_1574",-0.594943921304278
"Wave_1575",-0.60875480568478
"Wave_1576",-0.622011054578557
"Wave_1577",-0.634087983947441
"Wave_1578",-0.647020294787002
"Wave_1579",-0.661415790364678
"Wave_1580",-0.675701950946002
"Wave_1581",-0.687602280138655
"Wave_1582",-0.697423560872464
"Wave_1583",-0.706197599080529
"Wave_1584",-0.713505208541202
"Wave_1585",-0.718251000728242
"Wave_1586",-0.720757342094525
"Wave_1587",-0.721859243450742
"Wave_1588",-0.722611581123062
"Wave_1589",-0.722444080975527
"Wave_1590",-0.71899159732531
"Wave_1591",-0.715061870664385
"Wave_1592",-0.70840552900256
"Wave_1593",-0.699551237580697
"Wave_1594",-0.690363901099912
"Wave_1595",-0.678769623289046
"Wave_1596",-0.665612381434006
"Wave_1597",-0.651828991874005
"Wave_1598",-0.637225533954395
"Wave_1599",-0.621683845899344
"Wave_1600",-0.606924982509252
"Wave_1601",-0.592070153447412
"Wave_1602",-0.576842109865521
"Wave_1603",-0.563569644527466
"Wave_1604",-0.549005275566531
"Wave_1605",-0.530509948336942
"Wave_1606",-0.513264397064674
"Wave_1607",-0.493412721316623
"Wave_1608",-0.470082650777441
"Wave_1609",-0.447149932962043
"Wave_1610",-0.42649354534015
"Wave_1611",-0.40556380925787
"Wave_1612",-0.387138548603176
"Wave_1613",-0.369199885304075
"Wave_1614",-0.349646094719584
"Wave_1615",-0.327557372432834
"Wave_1616",-0.306797926746445
"Wave_1617",-0.287063172609324
"Wave_1618",-0.266398654583823
"Wave_1619",-0.246237856287303
"Wave_1620",-0.226789452697538
"Wave_1621",-0.20698901458248
"Wave_1622",-0.187871599107391
"Wave_1623",-0.173687512204702
"Wave_1624",-0.158087371043247
"Wave_1625",-0.143938300020264
"Wave_1626",-0.131063274314143
"Wave_1627",-0.119638401451238
"Wave_1628",-0.106937873773073
"Wave_1629",-0.0931762956398067
"Wave_1630",-0.0792121198841453
"Wave_1631",-0.0650871540319646
"Wave_1632",-0.0505796083917091
"Wave_1633",-0.0359842136439413
"Wave_1634",-0.0207344675635121
"Wave_1635",-0.00896795128535996
"Wave_1636",0.00181715909516759
"Wave_1637",0.0137350582064524
"Wave_1638",0.02415669948542
"Wave_1639",0.0329536768976571
"Wave_1640",0.0423009685338391
"Wave_1641",0.0497384966641026
"Wave_1642",0.0567103600082251
"Wave_1643",0.0599733608086536
"Wave_1644",0.0656600570624928
"Wave_1645",0.0672290141703955
"Wave_1646",0.0653234012510277
"Wave_1647",0.0612566897753221
"Wave_1648",0.0569305425448069
"Wave_1649",0.0465972860110498
"Wave_1650",0.0322939263558591
"Wave_1651",0.0191617994810126
"Wave_1652",0.00352643387246921
"Wave_1653",-0.0151069542303839
"Wave_1654",-0.0346119790961463
"Wave_1655",-0.0546994931184447
"Wave_1656",-0.0786155081340619
"Wave_1657",-0.103568118203578
"Wave_1658",-0.128108330361398
"Wave_1659",-0.153042768316836
"Wave_1660",-0.181047823816969
"Wave_1661",-0.208183834471571
"Wave_1662",-0.235308256265137
"Wave_1663",-0.258397570627685
"Wave_1664",-0.282124653711607
"Wave_1665",-0.303714665047761
"Wave_1666",-0.3253150115515
"Wave_1667",-0.345417595984182
"Wave_1668",-0.362445964110101
"Wave_1669",-0.377416900207177
"Wave_1670",-0.393870368507491
"Wave_1671",-0.408605792327688
"Wave_1672",-0.421295260730391
"Wave_1673",-0.430910670290431
"Wave_1674",-0.440091197315243
"Wave_1675",-0.447333832858895
"Wave_1676",-0.451272851548228
"Wave_1677",-0.451449246559872
"Wave_1678",-0.451081641984918
"Wave_1679",-0.451663890476312
"Wave_1680",-0.449746278564
"Wave_1681",-0.453497593285818
"Wave_1682",-0.456770573514277
"Wave_1683",-0.460346314447543
"Wave_1684",-0.455988182049168
"Wave_1685",-0.450811048231317
"Wave_1686",-0.448979058510784
"Wave_1687",-0.448392400703248
"Wave_1688",-0.44444792264935
"Wave_1689",-0.443025360505165
"Wave_1690",-0.446757750600539
"Wave_1691",-0.448612608282309
"Wave_1692",-0.45176061217684
"Wave_1693",-0.460050925749503
"Wave_1694",-0.468994529074251
"Wave_1695",-0.485392656128511
"Wave_1696",-0.510584364080121
"Wave_1697",-0.537471156809945
"Wave_1698",-0.56691222503865
"Wave_1699",-0.600327815884688
"Wave_1700",-0.633953969935163
"Wave_1701",-0.66318564645163
"Wave_1702",-0.687300030932101
"Wave_1703",-0.711951443101322
"Wave_1704",-0.736527273380394
"Wave_1705",-0.758570502894767
"Wave_1706",-0.778725190346567
"Wave_1707",-0.796613271543141
"Wave_1708",-0.813757202211716
"Wave_1709",-0.833719840829459
"Wave_1710",-0.856398298384585
"Wave_1711",-0.880384891409858
"Wave_1712",-0.904189469410244
"Wave_1713",-0.931310269336687
"Wave_1714",-0.95485162469241
"Wave_1715",-0.974942020829564
"Wave_1716",-0.996208548494357
"Wave_1717",-1.01637385370171
"Wave_1718",-1.03469025756403
"Wave_1719",-1.05172681594005
"Wave_1720",-1.06595129908653
"Wave_1721",-1.07474866617446
"Wave_1722",-1.08179241304309
"Wave_1723",-1.08809847965829
"Wave_1724",-1.09296665250327
"Wave_1725",-1.09424180618387
"Wave_1726",-1.09115744365496
"Wave_1727",-1.08210495094051
"Wave_1728",-1.06845726350254
"Wave_1729",-1.0507406139977
"Wave_1730",-1.02937380603682
"Wave_1731",-1.00784944083049
"Wave_1732",-0.986978362700211
"Wave_1733",-0.964071585624807
"Wave_1734",-0.940923375649076
"Wave_1735",-0.919350372409573
"Wave_1736",-0.897779706638008
"Wave_1737",-0.87613886403838
"Wave_1738",-0.858379790985804
"Wave_1739",-0.841954149125294
"Wave_1740",-0.827687727356273
"Wave_1741",-0.815754195978057
"Wave_1742",-0.807284056967519
"Wave_1743",-0.801522026910185
"Wave_1744",-0.796118345232102
"Wave_1745",-0.790156753515516
"Wave_1746",-0.786218593430947
"Wave_1747",-0.783399082208361
"Wave_1748",-0.780224650757063
"Wave_1749",-0.777202023365848
"Wave_1750",-0.773365086060699
"Wave_1751",-0.767371302646311
"Wave_1752",-0.757609501494257
"Wave_1753",-0.74369803188883
"Wave_1754",-0.727241458087789
"Wave_1755",-0.710833238452352
"Wave_1756",-0.696902778015446
"Wave_1757",-0.678467749821681
"Wave_1758",-0.658745326101525
"Wave_1759",-0.638592126554744
"Wave_1760",-0.614985447144556
"Wave_1761",-0.590172407459001
"Wave_1762",-0.566069583294386
"Wave_1763",-0.536921287363737
"Wave_1764",-0.506045265518659
"Wave_1765",-0.475141577576193
"Wave_1766",-0.444831492766737
"Wave_1767",-0.414418497586372
"Wave_1768",-0.381539297947733
"Wave_1769",-0.347834628264811
"Wave_1770",-0.312824674962829
"Wave_1771",-0.276970731349658
"Wave_1772",-0.242735694221733
"Wave_1773",-0.213527596530323
"Wave_1774",-0.190794769467919
"Wave_1775",-0.170849594043633
"Wave_1776",-0.154605730110083
"Wave_1777",-0.134891782296056
"Wave_1778",-0.115887537443816
"Wave_1779",-0.10073335892151
"Wave_1780",-0.0899317817220698
"Wave_1781",-0.0798359227308542
"Wave_1782",-0.0705556394233972
"Wave_1783",-0.0613769349958554
"Wave_1784",-0.0483268009985124
"Wave_1785",-0.0368245192513812
"Wave_1786",-0.0252876090948074
"Wave_1787",-0.0116175317776016
"Wave_1788",9.42279478364783e-05
"Wave_1789",0.00983096652729065
"Wave_1790",0.0236325345268362
"Wave_1791",0.0370331688392503
"Wave_1792",0.0514038674030776
"Wave_1793",0.0648810841136297
"Wave_1794",0.0772807431935681
"Wave_1795",0.0857309908140688
"Wave_1796",-0.118105760585907
"Wave_1797",-0.107552877103313
"Wave_1798",-0.101900784082982
"Wave_1799",-0.0989626878452116
"Wave_1800",-0.0937751842753233
"Wave_1801",-0.0622282478618966
"Wave_1802",-0.0524431042599696
"Wave_1803",-0.0522912509705377
"Wave_1804",-0.0502496156131206
"Wave_1805",-0.0438899921978597
"Wave_1806",-0.0430235771053593
"Wave_1807",-0.0397066325485828
"Wave_1808",-0.0347070919909476
"Wave_1809",-0.0256766354085472
"Wave_1810",-0.0189346435203242
"Wave_1811",-0.0147213169657442
"Wave_1812",-0.00837127499513796
"Wave_1813",-0.00204707811432792
"Wave_1814",0.00285477661266104
"Wave_1815",0.00600231454051656
"Wave_1816",0.00752884697017481
"Wave_1817",0.0120614520931707
"Wave_1818",0.0146029570179929
"Wave_1819",0.02084635933095
"Wave_1820",0.0265329807533031
"Wave_1821",0.0349516549195447
"Wave_1822",0.0441314195348526
"Wave_1823",0.0539834536058183
"Wave_1824",0.066880283926151
"Wave_1825",0.0806462074479478
"Wave_1826",0.0978859099288806
"Wave_1827",0.109846623904319
"Wave_1828",0.123074835053653
"Wave_1829",0.13922767334654
"Wave_1830",0.151241295910999
"Wave_1831",0.161542157665181
"Wave_1832",0.179617227391786
"Wave_1833",0.199536556200243
"Wave_1834",0.219812065264289
"Wave_1835",0.243447135941483
"Wave_1836",0.271347554172458
"Wave_1837",0.296078264233875
"Wave_1838",0.320629140031652
"Wave_1839",0.347943686807379
"Wave_1840",0.379272480194598
"Wave_1841",0.407456064966555
"Wave_1842",0.439001194363341
"Wave_1843",0.474936438288531
"Wave_1844",0.505452750597634
"Wave_1845",0.53300054804014
"Wave_1846",0.562205804424607
"Wave_1847",0.593331100206985
"Wave_1848",0.621943907059499
"Wave_1849",0.652826783797954
"Wave_1850",0.689296132996446
"Wave_1851",0.721182312068268
"Wave_1852",0.747293486219165
"Wave_1853",0.773323710083264
"Wave_1854",0.800655980945022
"Wave_1855",0.820820129565639
"Wave_1856",0.841684920555036
"Wave_1857",0.862263885522554
"Wave_1858",0.883463070415843
"Wave_1859",0.903324093610675
"Wave_1860",0.92327609741779
"Wave_1861",0.941849084052094
"Wave_1862",0.951689290394462
"Wave_1863",0.960732753372672
"Wave_1864",0.975859145550048
"Wave_1865",0.980804958716977
"Wave_1866",0.978645986188677
"Wave_1867",0.986927816987477
"Wave_1868",1.00096980468365
"Wave_1869",1.003729166519
"Wave_1870",1.01872272728167
"Wave_1871",1.01943687829927
"Wave_1872",1.01132895084035
"Wave_1873",1.00510494260102
"Wave_1874",0.998141377757567
"Wave_1875",0.98225613457862
"Wave_1876",0.967349739649682
"Wave_1877",0.962626062462638
"Wave_1878",0.912261134300134
"Wave_1879",0.880393066216064
"Wave_1880",0.85796425993696
"Wave_1881",0.884655447851448
"Wave_1882",0.925088653860738
"Wave_1883",0.976536551807697
"Wave_1884",1.00650481552256
"Wave_1885",1.01115817617105
"Wave_1886",1.02147342685187
"Wave_1887",1.01288705362918
"Wave_1888",0.987292346330853
"Wave_1889",0.955320022329516
"Wave_1890",0.941752822103877
"Wave_1891",0.890077941257134
"Wave_1892",0.825015297541957
"Wave_1893",0.753509276073543
"Wave_1894",0.675742675119482
"Wave_1895",0.602679755292742
"Wave_1896",0.516686752373734
"Wave_1897",0.448667899378532
"Wave_1898",0.44036073215549
"Wave_1899",0.563729664524813
"Wave_1900",0.707998303051085
"Wave_1901",0.8665435356862
"Wave_1902",0.91241577241172
"Wave_1903",0.857106599354959
"Wave_1904",0.723895838764962
"Wave_1905",0.583470552450492
"Wave_1906",0.51234051005474
"Wave_1907",0.446466211970915
"Wave_1908",0.37919682981701
"Wave_1909",0.315108755853768
"Wave_1910",0.250014943164585
"Wave_1911",0.188708051364862
"Wave_1912",0.122148022897776
"Wave_1913",0.0665310550471635
"Wave_1914",0.0147750182106825
"Wave_1915",-0.0343888855436641
"Wave_1916",-0.0818385073098788
"Wave_1917",-0.125702230059048
"Wave_1918",-0.163095475811761
"Wave_1919",-0.205402590263168
"Wave_1920",-0.243745322137207
"Wave_1921",-0.278733497877694
"Wave_1922",-0.311153195793481
"Wave_1923",-0.341236749568682
"Wave_1924",-0.368541543681364
"Wave_1925",-0.397364395364854
"Wave_1926",-0.422205720412431
"Wave_1927",-0.446783877571818
"Wave_1928",-0.469997727700539
"Wave_1929",-0.493106064416942
"Wave_1930",-0.520067321188048
"Wave_1931",-0.540013842694965
"Wave_1932",-0.560673715282838
"Wave_1933",-0.577865410413804
"Wave_1934",-0.590357919608867
"Wave_1935",-0.602234532778466
"Wave_1936",-0.617684566204838
"Wave_1937",-0.636080702436126
"Wave_1938",-0.649251765449624
"Wave_1939",-0.65607566855025
"Wave_1940",-0.660372452993679
"Wave_1941",-0.661403200556102
"Wave_1942",-0.6624049829583
"Wave_1943",-0.66490710098608
"Wave_1944",-0.666937158946841
"Wave_1945",-0.670437220344251
"Wave_1946",-0.673885993144731
"Wave_1947",-0.672467829921389
"Wave_1948",-0.675014812267084
"Wave_1949",-0.673328803157338
"Wave_1950",-0.663254706979872
"Wave_1951",-0.655072040514606
"Wave_1952",-0.64563165389778
"Wave_1953",-0.636153270032841
"Wave_1954",-0.634514095551323
"Wave_1955",-0.635355969919011
"Wave_1956",-0.634227990059661
"Wave_1957",-0.630166933455261
"Wave_1958",-0.619494648423026
"Wave_1959",-0.605508178597589
"Wave_1960",-0.589099559951325
"Wave_1961",-0.575234455447655
"Wave_1962",-0.56824342200522
"Wave_1963",-0.561641334325208
"Wave_1964",-0.553714333455364
"Wave_1965",-0.543393456861811
"Wave_1966",-0.535153189794254
"Wave_1967",-0.527054359757992
"Wave_1968",-0.514535149043639
"Wave_1969",-0.499058160044434
"Wave_1970",-0.481546582008523
"Wave_1971",-0.466616474810158
"Wave_1972",-0.452748949300458
"Wave_1973",-0.43200546984697
"Wave_1974",-0.411477613373534
"Wave_1975",-0.395352910654461
"Wave_1976",-0.377595534142835
"Wave_1977",-0.357584739270681
"Wave_1978",-0.340418726037499
"Wave_1979",-0.324639500228149
"Wave_1980",-0.308696438384101
"Wave_1981",-0.293588567158413
"Wave_1982",-0.277015686139049
"Wave_1983",-0.255968287716994
"Wave_1984",-0.232947342046844
"Wave_1985",-0.208998507007491
"Wave_1986",-0.185573653485776
"Wave_1987",-0.16823622571548
"Wave_1988",-0.155869118136738
"Wave_1989",-0.142692028274576
"Wave_1990",-0.127765965586488
"Wave_1991",-0.107769765492236
"Wave_1992",-0.0845571227286722
"Wave_1993",-0.0599838756059526
"Wave_1994",-0.0399380203807559
"Wave_1995",-0.0209640460301377
"Wave_1996",-0.00475493882762018
"Wave_1997",0.00992703696419509
"Wave_1998",0.0294451616232408
"Wave_1999",0.0501808320654882
"Wave_2000",0.0681148789731197
"Wave_2001",0.0843921619374843
"Wave_2002",0.0997785921112249
"Wave_2003",0.115259861769131
"Wave_2004",0.131945709723163
"Wave_2005",0.152007308689945
"Wave_2006",0.173868971194657
"Wave_2007",0.193123090781065
"Wave_2008",0.210189119810248
"Wave_2009",0.228135324591247
"Wave_2010",0.247668459074386
"Wave_2011",0.266311743886997
"Wave_2012",0.284078211550003
"Wave_2013",0.298638483465448
"Wave_2014",0.316905307084376
"Wave_2015",0.335448938366104
"Wave_2016",0.344488818671246
"Wave_2017",0.352781048035752
"Wave_2018",0.366986128441561
"Wave_2019",0.381607487583465
"Wave_2020",0.387875303832678
"Wave_2021",0.396798493386939
"Wave_2022",0.40851332516828
"Wave_2023",0.41872343851042
"Wave_2024",0.425701174786718
"Wave_2025",0.43243258448644
"Wave_2026",0.440094383640382
"Wave_2027",0.445607083823593
"Wave_2028",0.448003787265159
"Wave_2029",0.449454706509359
"Wave_2030",0.452049450130017
"Wave_2031",0.45530158364424
"Wave_2032",0.45710241654577
"Wave_2033",0.461859377327355
"Wave_2034",0.467136055358551
"Wave_2035",0.467657650024729
"Wave_2036",0.467085091981729
"Wave_2037",0.465912352609534
"Wave_2038",0.465236901481029
"Wave_2039",0.467099853184345
"Wave_2040",0.465954439881147
"Wave_2041",0.460579320071107
"Wave_2042",0.451695230259481
"Wave_2043",0.437075277596338
"Wave_2044",0.420370070281615
"Wave_2045",0.406072629596068
"Wave_2046",0.396393183296166
"Wave_2047",0.394155155260942
"Wave_2048",0.395340052018576
"Wave_2049",0.395794517701218
"Wave_2050",0.390415751277007
"Wave_2051",0.383615817362718
"Wave_2052",0.36933602319707
"Wave_2053",0.350222418349083
"Wave_2054",0.334567151784176
"Wave_2055",0.320780665859573
"Wave_2056",0.303365319211186
"Wave_2057",0.290873578172269
"Wave_2058",0.284665297067971
"Wave_2059",0.284376293661863
"Wave_2060",0.283768518924998
"Wave_2061",0.273446176954033
"Wave_2062",0.256690634278317
"Wave_2063",0.240772423688802
"Wave_2064",0.219886474725069
"Wave_2065",0.200480783546785
"Wave_2066",0.180481497896472
"Wave_2067",0.163937538325434
"Wave_2068",0.152621358111062
"Wave_2069",0.14237922591819
"Wave_2070",0.13073745422002
"Wave_2071",0.116797961594119
"Wave_2072",0.0994591904772764
"Wave_2073",0.0771497684876107
"Wave_2074",0.0618895750228957
"Wave_2075",0.0503158227897439
"Wave_2076",0.0391879680972115
"Wave_2077",0.0277460000373951
"Wave_2078",0.0159844628662199
"Wave_2079",0.00444325822086533
"Wave_2080",-0.00562911896478016
"Wave_2081",-0.0177404018285018
"Wave_2082",-0.0290930142956891
"Wave_2083",-0.0407374801590413
"Wave_2084",-0.0553256155215173
"Wave_2085",-0.0701897388057434
"Wave_2086",-0.0851300535972276
"Wave_2087",-0.101700123857427
"Wave_2088",-0.116337311171053
"Wave_2089",-0.120151330083513
"Wave_2090",-0.121012915279689
"Wave_2091",-0.115703457650671
"Wave_2092",-0.114689767836724
"Wave_2093",-0.12288277594394
"Wave_2094",-0.135514238661339
"Wave_2095",-0.149782673908054
"Wave_2096",-0.163633452700942
"Wave_2097",-0.179019237599052
"Wave_2098",-0.18822980443077
"Wave_2099",-0.198214299699373
"Wave_2100",-0.211895605195095
"Wave_2101",-0.229224623782984
"Wave_2102",-0.238549093842653
"Wave_2103",-0.240210185756831
"Wave_2104",-0.245027263305221
"Wave_2105",-0.249966952095756
"Wave_2106",-0.254289947418181
"Wave_2107",-0.260028840453867
"Wave_2108",-0.265443085035766
"Wave_2109",-0.273748479870742
"Wave_2110",-0.286155932657812
"Wave_2111",-0.289836327309114
"Wave_2112",-0.284442498972116
"Wave_2113",-0.283494558496676
"Wave_2114",-0.285995532503121
"Wave_2115",-0.293339775243004
"Wave_2116",-0.302107164623596
"Wave_2117",-0.318300129360067
"Wave_2118",-0.334718281726882
"Wave_2119",-0.332586062511337
"Wave_2120",-0.326525271304318
"Wave_2121",-0.318410185848339
"Wave_2122",-0.303821338589087
"Wave_2123",-0.295147346024068
"Wave_2124",-0.289395243931515
"Wave_2125",-0.285342904819663
"Wave_2126",-0.281632318843204
"Wave_2127",-0.272499156162562
"Wave_2128",-0.260637576562753
"Wave_2129",-0.252939141002391
"Wave_2130",-0.249954332916156
"Wave_2131",-0.250291522988644
"Wave_2132",-0.248399849510475
"Wave_2133",-0.24787490430498
"Wave_2134",-0.247318352047287
"Wave_2135",-0.237776243460003
"Wave_2136",-0.221053731464031
"Wave_2137",-0.202546419320358
"Wave_2138",-0.186242786211946
"Wave_2139",-0.171194251862518
"Wave_2140",-0.160294555957044
"Wave_2141",-0.149608592842862
"Wave_2142",-0.141766508770165
"Wave_2143",-0.129351417916578
"Wave_2144",-0.117830191043919
"Wave_2145",-0.10689715346926
"Wave_2146",-0.101591138196086
"Wave_2147",-0.0973435930824667
"Wave_2148",-0.0911963144927302
"Wave_2149",-0.0955054189924318
"Wave_2150",-0.096785394552755
"Wave_2151",-0.0845056600062724
"Wave_2152",-0.0695160092321686
"Wave_2153",-0.0461415146281197
"Wave_2154",-0.0175746803180034
"Wave_2155",0.00652057852105892
"Wave_2156",0.0178424027201687
"Wave_2157",0.0294474205008432
"Wave_2158",0.0450918776767125
"Wave_2159",0.0600266074855043
"Wave_2160",0.0730205451275967
"Wave_2161",0.0923688468573703
"Wave_2162",0.105571883847909
"Wave_2163",0.109651716322968
"Wave_2164",0.120013884385769
"Wave_2165",0.146186253750727
"Wave_2166",0.176420908157993
"Wave_2167",0.193900709168214
"Wave_2168",0.208883133512174
"Wave_2169",0.231793509765424
"Wave_2170",0.253030667425396
"Wave_2171",0.27518483564079
"Wave_2172",0.299346942024429
"Wave_2173",0.325980967411441
"Wave_2174",0.34928868612208
"Wave_2175",0.366795306285755
"Wave_2176",0.385093835943671
"Wave_2177",0.403124551640011
"Wave_2178",0.417661816911652
"Wave_2179",0.430390873240309
"Wave_2180",0.440029780620826
"Wave_2181",0.444698767272435
"Wave_2182",0.462292649907559
"Wave_2183",0.485417900446015
"Wave_2184",0.509590426501781
"Wave_2185",0.533117729303848
"Wave_2186",0.551816469836357
"Wave_2187",0.564584969806392
"Wave_2188",0.575761631328832
"Wave_2189",0.595871374774162
"Wave_2190",0.616239185793445
"Wave_2191",0.631077586528192
"Wave_2192",0.64815663208125
"Wave_2193",0.665596533751061
"Wave_2194",0.676665414295941
"Wave_2195",0.684273649887495
"Wave_2196",0.687091358907544
"Wave_2197",0.687740412977625
"Wave_2198",0.694569879919785
"Wave_2199",0.708171523312372
"Wave_2200",0.717924464895288
"Wave_2201",0.728281679582694
"Wave_2202",0.736048777425631
"Wave_2203",0.733398245285195
"Wave_2204",0.738104170851244
"Wave_2205",0.754420069067141
"Wave_2206",0.765877085951151
"Wave_2207",0.769315549034406
"Wave_2208",0.774758332699911
"Wave_2209",0.771479498588416
"Wave_2210",0.764642646096657
"Wave_2211",0.760254948915892
"Wave_2212",0.761836480944175
"Wave_2213",0.769053435426982
"Wave_2214",0.778798623368559
"Wave_2215",0.779809252458459
"Wave_2216",0.779400871685381
"Wave_2217",0.779358440871114
"Wave_2218",0.772479562921449
"Wave_2219",0.759559374323879
"Wave_2220",0.751866457903499
"Wave_2221",0.739610853034691
"Wave_2222",0.719337733614779
"Wave_2223",0.700273946639903
"Wave_2224",0.685423574043803
"Wave_2225",0.671054971988791
"Wave_2226",0.642169836788406
"Wave_2227",0.613242524976631
"Wave_2228",0.592983542607493
"Wave_2229",0.570845294216513
"Wave_2230",0.551093377779913
"Wave_2231",0.525995025220552
"Wave_2232",0.498663938581223
"Wave_2233",0.466187785878416
"Wave_2234",0.429092281133099
"Wave_2235",0.398035929011347
"Wave_2236",0.371952748790606
"Wave_2237",0.340801942143396
"Wave_2238",0.307696444970915
"Wave_2239",0.273654978900208
"Wave_2240",0.227356893855429
"Wave_2241",0.171921852985335
"Wave_2242",0.121895381556398
"Wave_2243",0.0796385037581256
"Wave_2244",0.0379683796296328
"Wave_2245",-0.00810570591050587
"Wave_2246",-0.0488167128959567
"Wave_2247",-0.0971635306425849
"Wave_2248",-0.153145571196883
"Wave_2249",-0.208518336614152
"Wave_2250",-0.258279060958948
"Wave_2251",-0.298832791242344
"Wave_2252",-0.34115490979406
"Wave_2253",-0.387079913691973
"Wave_2254",-0.432728865413096
"Wave_2255",-0.484066944814593
"Wave_2256",-0.544860964293019
"Wave_2257",-0.591064289328618
"Wave_2258",-0.621969715995478
"Wave_2259",-0.656445856488648
"Wave_2260",-0.695765687783389
"Wave_2261",-0.735213632641009
"Wave_2262",-0.770148009760342
"Wave_2263",-0.799692109702643
"Wave_2264",-0.822636325859031
"Wave_2265",-0.829957593364898
"Wave_2266",-0.825539597347368
"Wave_2267",-0.828836261913379
"Wave_2268",-0.834712793958983
"Wave_2269",-0.851416427165717
"Wave_2270",-0.878149024517715
"Wave_2271",-0.900812093796934
"Wave_2272",-0.90448826208245
"Wave_2273",-0.895738219614524
"Wave_2274",-0.87854310310698
"Wave_2275",-0.858513404270847
"Wave_2276",-0.829800072724589
"Wave_2277",-0.799135126879536
"Wave_2278",-0.772100816230691
"Wave_2279",-0.744069157213025
"Wave_2280",-0.708027317855746
"Wave_2281",-0.669764561523766
"Wave_2282",-0.637942790708896
"Wave_2283",-0.612604819069451
"Wave_2284",-0.583633468971634
"Wave_2285",-0.561247385527146
"Wave_2286",-0.546783023600111
"Wave_2287",-0.53551236290293
"Wave_2288",-0.521720762243542
"Wave_2289",-0.512410970459013
"Wave_2290",-0.513270059030752
"Wave_2291",-0.523499082177946
"Wave_2292",-0.541559208335698
"Wave_2293",-0.570756598552578
"Wave_2294",-0.59540624212902
"Wave_2295",-0.60081571372577
"Wave_2296",-0.601177311039171
"Wave_2297",-0.609619185772108
"Wave_2298",-0.618795091897135
"Wave_2299",-0.634615780879367
"Wave_2300",-0.661985636823141
"Wave_2301",-0.687777568789878
"Wave_2302",-0.701003373844884
"Wave_2303",-0.70571217185771
"Wave_2304",-0.707703381398276
"Wave_2305",-0.697648584297627
"Wave_2306",-0.692650106569129
"Wave_2307",-0.700813339545646
"Wave_2308",-0.716763339936608
"Wave_2309",-0.72282605798542
"Wave_2310",-0.720824792056545
"Wave_2311",-0.708115273736481
"Wave_2312",-0.671970111201732
"Wave_2313",-0.631622967520296
"Wave_2314",-0.617833770114398
"Wave_2315",-0.625470597700887
"Wave_2316",-0.614998574011559
"Wave_2317",-0.590557670067253
"Wave_2318",-0.57444696993028
"Wave_2319",-0.568060822606806
"Wave_2320",-0.553124249747472
"Wave_2321",-0.547645073507776
"Wave_2322",-0.563076013201593
"Wave_2323",-0.565844456920191
"Wave_2324",-0.550283154165835
"Wave_2325",-0.530977065059528
"Wave_2326",-0.510519332467094
"Wave_2327",-0.477864956354445
"Wave_2328",-0.46411445627099
"Wave_2329",-0.48530257550273
"Wave_2330",-0.504869624901988
"Wave_2331",-0.511234038248135
"Wave_2332",-0.51872700183756
"Wave_2333",-0.513869333010775
"Wave_2334",-0.484002667218154
"Wave_2335",-0.460980600576658
"Wave_2336",-0.466106971653223
"Wave_2337",-0.48377654265786
"Wave_2338",-0.502826930198374
"Wave_2339",-0.531384400227942
"Wave_2340",-0.544331169820354
"Wave_2341",-0.532128715992351
"Wave_2342",-0.520637877119025
"Wave_2343",-0.511409093270894
"Wave_2344",-0.498206237352845
"Wave_2345",-0.480910631450008
"Wave_2346",-0.476968832381084
"Wave_2347",-0.480054073944158
"Wave_2348",-0.473602142097746
"Wave_2349",-0.463407365469547
"Wave_2350",-0.465802914014538
"Wave_2351",-0.486316181288926
"Wave_2352",-0.487515503515166
"Wave_2353",-0.478703930201474
"Wave_2354",-0.456845968189112
"Wave_2355",-0.422808142831438
"Wave_2356",-0.39526529290837
"Wave_2357",-0.39850919483462
"Wave_2358",-0.432515997680542
"Wave_2359",-0.466412271353798
"Wave_2360",-0.493113083972495
"Wave_2361",-0.508943650252826
"Wave_2362",-0.496758404553996
"Wave_2363",-0.478731381186379
"Wave_2364",-0.485619946070679
"Wave_2365",-0.507625853696034
"Wave_2366",-0.537618875187309
"Wave_2367",-0.555656704054288
"Wave_2368",-0.57237763646497
"Wave_2369",-0.584072036281824
"Wave_2370",-0.570293865076256
"Wave_2371",-0.541429328568529
"Wave_2372",-0.537530458560814
"Wave_2373",-0.54548185579387
"Wave_2374",-0.545722832842348
"Wave_2375",-0.567340379653709
"Wave_2376",-0.556824307167065
"Wave_2377",-0.522698988994077
"Wave_2378",-0.503805181361363
"Wave_2379",-0.506040849077074
"Wave_2380",-0.502748542253984
"Wave_2381",-0.477738925490277
"Wave_2382",-0.450936273267041
"Wave_2383",-0.410927998112617
"Wave_2384",-0.366217760529701
"Wave_2385",-0.353057542426686
"Wave_2386",-0.368308712135497
"Wave_2387",-0.378032094936018
"Wave_2388",-0.349580032056102
"Wave_2389",-0.308953497229051
"Wave_2390",-0.270299742304668
"Wave_2391",-0.234983094592547
"Wave_2392",-0.225604100016662
"Wave_2393",-0.23947373064486
"Wave_2394",-0.257148882133179
"Wave_2395",-0.250578121011105
"Wave_2396",-0.231963654635072
"Wave_2397",-0.218644832750502
"Wave_2398",-0.211662088507553
"Wave_2399",-0.199245837765709
"Wave_2400",-0.196588208078914
